;Команда_1;Голы_1;Команда_2;Голы_2;xG_1;xG_2;Удары_1;Удары_2;Удары в створ_1;Удары в створ_2;Блок-но ударов_1;Блок-но ударов_2;Сейвы_1;Сейвы_2;Владение %_1;Владение %_2;Угловые_1;Угловые_2;Нарушения_1;Нарушения_2;Офсайды_1;Офсайды_2;Желтые карточки_1;Желтые карточки_2;Красные карточки_1;Красные карточки_2;Атаки_1;Атаки_2;Опасные атаки_1;Опасные атаки_2;Передачи_1;Передачи_2;Точность передач %_1;Точность передач %_2;Штрафные удары_1;Штрафные удары_2;Вбрасывания_1;Вбрасывания_2;Навесы_1;Навесы_2;Отборы_1;Отборы_2;Раунд;Дата;Время;Кэф_1;Кэф_х;Кэф_2;Градусы;Погода;Зрители;Дома_1;Дома_2;Таргет
0;Ростов;2;Оренбург;1;1.67;1.1;23.0;11.0;7.0;4.0;7.0;1.0;3.0;4.0;65.0;35.0;9.0;2.0;16.0;8.0;1.0;3.0;2.0;3.0;0.0;0.0;88.0;61.0;57.0;33.0;544.0;305.0;79.0;66.0;9.0;11.0;19.0;11.0;25.0;8.0;17.0;17.0;26;2024-04-29;12:45:00;2.36;3.41;3.34;19;переменная облачность;14680.0;1;0;1
1;ПФК Сочи;0;Факел;0;1.21;0.51;22.0;5.0;3.0;2.0;7.0;2.0;2.0;3.0;65.0;35.0;6.0;2.0;9.0;10.0;3.0;1.0;3.0;4.0;0.0;0.0;96.0;70.0;49.0;27.0;539.0;292.0;82.0;62.0;10.0;14.0;24.0;9.0;28.0;12.0;7.0;18.0;26;2024-04-29;10:30:00;2.15;3.18;4.25;15;небольшой дождь;5012.0;1;0;0
2;Рубин;1;Урал;1;0.85;1.3;5.0;12.0;3.0;4.0;0.0;4.0;3.0;2.0;41.0;59.0;4.0;5.0;17.0;14.0;1.0;2.0;2.0;4.0;0.0;0.0;64.0;86.0;37.0;51.0;358.0;504.0;66.0;77.0;13.0;14.0;17.0;12.0;9.0;21.0;11.0;11.0;26;2024-04-29;08:15:00;2.59;3.01;3.37;6;переменная облачность;8178.0;1;0;0
3;Крылья Советов;0;Краснодар;0;1.11;0.9;14.0;12.0;6.0;3.0;2.0;2.0;1.0;7.0;47.0;53.0;2.0;3.0;9.0;13.0;2.0;0.0;2.0;4.0;0.0;1.0;70.0;81.0;36.0;35.0;463.0;515.0;79.0;78.0;9.0;9.0;5.0;11.0;13.0;13.0;12.0;16.0;26;2024-04-29;06:00:00;3.51;3.42;2.28;6;переменная облачность;9689.0;1;0;0
4;Балтика;3;ЦСКА Москва;1;1.88;1.14;13.0;18.0;4.0;7.0;2.0;2.0;8.0;1.0;40.0;60.0;5.0;4.0;15.0;10.0;1.0;1.0;3.0;3.0;0.0;0.0;77.0;77.0;51.0;51.0;314.0;478.0;70.0;78.0;7.0;11.0;12.0;17.0;12.0;20.0;8.0;7.0;26;2024-04-28;14:30:00;2.66;3.41;2.89;20;солнечно;14046.0;1;0;1
5;Динамо Москва;1;Зенит;0;1.27;0.34;11.0;8.0;3.0;1.0;4.0;3.0;1.0;2.0;34.0;66.0;1.0;7.0;9.0;4.0;0.0;3.0;1.0;0.0;0.0;0.0;49.0;83.0;28.0;52.0;336.0;631.0;76.0;86.0;8.0;9.0;5.0;10.0;4.0;25.0;21.0;22.0;26;2024-04-28;12:15:00;3.84;3.65;2.08;8;солнечно;11340.0;1;0;1
6;Спартак;3;Локомотив Москва;2;2.23;1.12;22.0;17.0;7.0;7.0;8.0;7.0;6.0;4.0;50.0;50.0;4.0;10.0;11.0;10.0;1.0;3.0;2.0;0.0;0.0;0.0;53.0;51.0;34.0;30.0;409.0;398.0;83.0;80.0;8.0;12.0;11.0;14.0;15.0;19.0;11.0;16.0;26;2024-04-28;09:15:00;2.63;3.8;2.69;8;солнечно;20016.0;1;0;1
7;Ахмат;5;Пари НН;1;1.71;0.17;19.0;5.0;10.0;3.0;5.0;0.0;2.0;4.0;50.0;50.0;7.0;3.0;12.0;9.0;3.0;1.0;2.0;5.0;0.0;1.0;61.0;69.0;41.0;23.0;395.0;398.0;77.0;79.0;9.0;14.0;4.0;7.0;18.0;10.0;5.0;15.0;26;2024-04-28;07:00:00;1.93;3.63;4.51;16;местами дождь;5535.0;1;0;1
8;ЦСКА Москва;0;Спартак;0;0.26;0.37;9.0;7.0;2.0;3.0;1.0;1.0;3.0;2.0;46.0;54.0;5.0;4.0;14.0;6.0;1.0;0.0;1.0;1.0;0.0;0.0;72.0;72.0;48.0;34.0;394.0;468.0;74.0;78.0;7.0;16.0;15.0;25.0;17.0;10.0;22.0;10.0;21;2024-04-25;13:30:00;2.6;3.6;2.84;8;солнечно;18495.0;1;0;0
9;Ахмат;1;ПФК Сочи;0;0.71;0.19;10.0;6.0;3.0;4.0;2.0;1.0;4.0;3.0;34.0;66.0;3.0;2.0;11.0;15.0;0.0;2.0;2.0;1.0;0.0;0.0;89.0;96.0;45.0;44.0;309.0;624.0;61.0;81.0;18.0;11.0;14.0;5.0;17.0;11.0;14.0;16.0;21;2024-04-25;13:30:00;2.4;3.56;3.14;16;местами дождь;5790.0;1;0;1
10;Факел;0;Крылья Советов;1;0.37;0.73;13.0;9.0;4.0;3.0;2.0;2.0;2.0;4.0;54.0;46.0;8.0;4.0;10.0;15.0;3.0;1.0;2.0;1.0;0.0;0.0;64.0;42.0;44.0;24.0;417.0;363.0;70.0;69.0;16.0;13.0;25.0;21.0;23.0;14.0;20.0;12.0;21;2024-04-25;11:15:00;2.74;3.21;2.95;18;солнечно;10480.0;1;0;2
11;Урал;0;Ростов;1;0.86;1.21;8.0;8.0;0.0;2.0;4.0;3.0;1.0;0.0;51.0;49.0;3.0;7.0;6.0;11.0;3.0;0.0;2.0;2.0;0.0;0.0;78.0;53.0;26.0;27.0;446.0;411.0;66.0;65.0;11.0;9.0;36.0;24.0;9.0;20.0;19.0;13.0;21;2024-04-25;09:00:00;2.56;3.31;3.1;7;переменная облачность;5069.0;1;0;2
12;Зенит;0;Рубин;2;1.98;0.59;24.0;8.0;10.0;5.0;8.0;0.0;3.0;11.0;71.0;29.0;7.0;4.0;7.0;15.0;2.0;0.0;2.0;3.0;0.0;0.0;83.0;52.0;52.0;16.0;565.0;242.0;88.0;70.0;16.0;8.0;18.0;14.0;42.0;9.0;6.0;7.0;21;2024-04-24;13:30:00;1.38;5.15;10.0;14;солнечно;31584.0;1;0;2
13;Краснодар;3;Балтика;2;4.29;1.64;20.0;12.0;9.0;5.0;4.0;1.0;4.0;5.0;55.0;45.0;5.0;3.0;6.0;13.0;2.0;2.0;1.0;2.0;0.0;0.0;82.0;80.0;38.0;41.0;471.0;370.0;81.0;79.0;15.0;8.0;23.0;16.0;13.0;23.0;11.0;13.0;21;2024-04-24;13:30:00;1.75;3.96;5.24;21;солнечно;14683.0;1;0;1
14;Пари НН;2;Локомотив Москва;3;1.78;1.69;8.0;21.0;5.0;8.0;1.0;8.0;5.0;2.0;23.0;77.0;5.0;13.0;8.0;15.0;0.0;1.0;1.0;5.0;0.0;0.0;44.0;76.0;24.0;56.0;161.0;549.0;58.0;85.0;14.0;7.0;8.0;22.0;8.0;19.0;16.0;15.0;21;2024-04-24;11:15:00;4.11;3.63;2.01;7;переменная облачность;8085.0;1;0;2
15;Оренбург;1;Динамо Москва;2;1.93;1.47;19.0;11.0;3.0;5.0;4.0;0.0;2.0;4.0;56.0;44.0;10.0;3.0;11.0;13.0;3.0;1.0;3.0;2.0;0.0;0.0;70.0;61.0;57.0;43.0;420.0;348.0;83.0;76.0;13.0;14.0;9.0;14.0;43.0;11.0;9.0;15.0;21;2024-04-24;09:00:00;2.51;3.92;2.76;11;переменная облачность;4870.0;1;0;2
16;Ростов;1;Спартак;5;0.99;1.78;15.0;15.0;3.0;6.0;5.0;4.0;0.0;2.0;54.0;46.0;9.0;5.0;16.0;11.0;1.0;6.0;2.0;2.0;0.0;0.0;60.0;67.0;38.0;38.0;359.0;312.0;70.0;68.0;15.0;10.0;12.0;18.0;28.0;12.0;23.0;7.0;25;2024-04-21;13:30:00;2.35;3.43;3.34;19;переменная облачность;30593.0;1;0;2
17;ПФК Сочи;2;Урал;2;0.62;1.37;13.0;13.0;3.0;5.0;2.0;4.0;2.0;2.0;65.0;35.0;5.0;5.0;11.0;14.0;0.0;2.0;1.0;2.0;0.0;0.0;83.0;80.0;37.0;32.0;527.0;272.0;78.0;64.0;10.0;9.0;14.0;12.0;20.0;18.0;18.0;19.0;25;2024-04-21;11:15:00;2.21;3.45;3.66;15;небольшой дождь;3853.0;1;0;0
18;Зенит;1;Оренбург;0;0.46;0.52;10.0;11.0;3.0;6.0;2.0;2.0;4.0;2.0;62.0;38.0;3.0;4.0;7.0;14.0;2.0;0.0;1.0;4.0;0.0;0.0;90.0;66.0;40.0;38.0;633.0;382.0;89.0;79.0;13.0;9.0;17.0;11.0;13.0;13.0;16.0;12.0;25;2024-04-21;09:15:00;1.36;5.53;9.9;14;солнечно;17992.0;1;0;1
19;Пари НН;1;Динамо Москва;4;0.96;2.2;6.0;17.0;3.0;5.0;1.0;3.0;1.0;2.0;40.0;60.0;3.0;10.0;10.0;11.0;2.0;0.0;1.0;0.0;0.0;0.0;65.0;74.0;39.0;42.0;358.0;534.0;73.0;80.0;6.0;7.0;18.0;15.0;18.0;21.0;28.0;13.0;25;2024-04-21;07:00:00;3.54;3.6;2.2;7;переменная облачность;9736.0;1;0;2
20;ЦСКА Москва;1;Ахмат;2;0.99;0.58;8.0;13.0;2.0;4.0;5.0;4.0;1.0;1.0;53.0;47.0;3.0;4.0;13.0;21.0;0.0;2.0;3.0;3.0;2.0;0.0;60.0;60.0;13.0;27.0;435.0;377.0;75.0;80.0;16.0;7.0;21.0;16.0;10.0;22.0;6.0;10.0;25;2024-04-20;12:30:00;1.5;4.83;7.04;8;солнечно;6980.0;1;0;2
21;Балтика;2;Крылья Советов;1;1.67;1.74;20.0;9.0;5.0;4.0;6.0;2.0;1.0;2.0;49.0;51.0;4.0;3.0;11.0;5.0;1.0;2.0;3.0;2.0;0.0;0.0;94.0;86.0;55.0;37.0;408.0;439.0;71.0;73.0;5.0;12.0;19.0;10.0;25.0;12.0;17.0;13.0;25;2024-04-20;09:30:00;2.29;3.45;3.45;20;солнечно;12107.0;1;0;1
22;Рубин;1;Локомотив Москва;1;1.35;1.63;15.0;12.0;4.0;4.0;6.0;4.0;3.0;2.0;40.0;60.0;5.0;3.0;9.0;9.0;2.0;0.0;1.0;3.0;1.0;0.0;79.0;75.0;48.0;55.0;319.0;496.0;72.0;78.0;7.0;12.0;15.0;14.0;18.0;14.0;8.0;12.0;25;2024-04-20;07:00:00;3.51;3.42;2.28;6;переменная облачность;9272.0;1;0;0
23;Краснодар;2;Факел;0;2.05;0.52;20.0;5.0;7.0;1.0;6.0;1.0;1.0;3.0;70.0;30.0;4.0;1.0;8.0;20.0;0.0;4.0;1.0;3.0;0.0;0.0;92.0;62.0;39.0;22.0;564.0;248.0;86.0;69.0;19.0;5.0;16.0;9.0;12.0;5.0;18.0;16.0;25;2024-04-19;12:00:00;1.75;3.82;5.54;21;солнечно;15852.0;1;0;1
24;Крылья Советов;2;Рубин;0;0.8;0.5;7.0;12.0;3.0;1.0;1.0;2.0;1.0;1.0;40.0;60.0;1.0;8.0;8.0;20.0;1.0;2.0;3.0;5.0;0.0;0.0;73.0;98.0;26.0;53.0;297.0;422.0;67.0;77.0;15.0;7.0;17.0;21.0;8.0;10.0;11.833333333333334;13.583333333333334;24;2024-04-14;12:00:00;2.3;3.44;3.44;6;переменная облачность;9825.0;1;0;1
25;Факел;0;Ростов;1;0.42;1.64;7.0;17.0;1.0;5.0;3.0;4.0;2.0;1.0;41.0;59.0;3.0;1.0;16.0;8.0;3.0;0.0;4.0;2.0;0.0;0.0;85.0;75.0;45.0;41.0;262.0;377.0;51.0;61.0;8.0;19.0;28.0;23.0;8.0;13.0;9.0;11.0;24;2024-04-14;09:45:00;3.17;3.23;2.56;18;солнечно;12337.0;1;0;2
26;Урал;2;Динамо Москва;1;2.08;0.52;13.0;9.0;8.0;2.0;1.0;3.0;1.0;6.0;44.0;56.0;6.0;3.0;17.0;10.0;1.0;1.0;6.0;3.0;1.0;0.0;56.0;57.0;26.0;24.0;318.0;410.0;67.0;74.0;12.0;19.0;19.0;28.0;19.0;9.0;25.0;12.0;24;2024-04-14;07:15:00;3.92;3.82;2.0;7;переменная облачность;9545.0;1;0;1
27;Оренбург;3;Пари НН;1;2.25;0.98;12.0;16.0;6.0;5.0;2.0;3.0;5.0;3.0;44.0;56.0;5.0;13.0;14.0;15.0;1.0;1.0;2.0;2.0;0.0;0.0;68.0;68.0;36.0;46.0;346.0;427.0;72.0;80.0;14.0;14.0;26.0;16.0;14.0;31.0;10.0;11.0;24;2024-04-14;05:00:00;2.08;3.38;4.16;11;переменная облачность;3956.0;1;0;1
28;Локомотив Москва;3;ЦСКА Москва;3;1.33;1.64;16.0;16.0;5.0;9.0;3.0;3.0;6.0;2.0;55.0;45.0;9.0;9.0;9.0;8.0;1.0;0.0;2.0;0.0;0.0;0.0;77.0;83.0;37.0;40.0;432.0;344.0;81.0;78.0;7.0;11.0;17.0;12.0;13.0;24.0;18.0;13.0;24;2024-04-13;12:30:00;2.5;3.67;2.91;8;солнечно;15070.0;1;0;0
29;Краснодар;1;Зенит;2;0.54;1.63;11.0;10.0;4.0;4.0;4.0;2.0;3.0;3.0;46.0;54.0;4.0;1.0;24.0;11.0;2.0;4.0;5.0;2.0;1.0;0.0;51.0;53.0;28.0;37.0;392.0;456.0;80.0;83.0;12.0;23.0;14.0;16.0;11.0;14.0;7.0;9.0;24;2024-04-13;10:00:00;3.45;3.45;2.29;21;солнечно;24766.0;1;0;2
30;Ахмат;1;Балтика;7;1.53;3.42;20.0;12.0;6.0;9.0;9.0;1.0;4.0;3.0;54.0;46.0;7.0;5.0;3.0;6.0;3.0;2.0;2.0;1.0;0.0;0.0;90.0;79.0;63.0;45.0;446.0;380.0;79.0;78.0;4.0;5.0;14.0;14.0;17.0;12.0;17.0;17.0;24;2024-04-13;09:30:00;2.16;3.44;3.82;16;местами дождь;5609.0;1;0;2
31;ПФК Сочи;1;Спартак;0;1.01;0.63;12.0;12.0;4.0;4.0;3.0;2.0;5.0;4.0;48.0;52.0;9.0;3.0;12.0;11.0;1.0;2.0;2.0;1.0;0.0;0.0;79.0;73.0;39.0;35.0;397.0;424.0;78.0;80.0;13.0;11.0;15.0;21.0;18.0;24.0;20.0;20.0;24;2024-04-13;07:00:00;3.16;3.69;2.33;15;небольшой дождь;5032.0;1;0;1
32;Оренбург;3;Рубин;0;0.77;0.43;14.0;7.0;5.0;1.0;1.0;2.0;0.0;1.0;55.0;45.0;5.0;2.0;12.0;9.0;4.0;1.0;3.0;1.0;0.0;0.0;72.0;69.0;53.0;33.0;431.0;359.0;82.0;74.0;10.0;15.0;16.0;18.0;27.0;10.0;14.0;21.0;23;2024-04-08;10:00:00;2.27;3.43;3.53;11;переменная облачность;5054.0;1;0;1
33;Динамо Москва;1;Спартак;2;1.45;2.03;9.0;10.0;4.0;6.0;2.0;2.0;5.0;4.0;44.0;56.0;7.0;3.0;11.0;11.0;3.0;3.0;1.0;4.0;0.0;0.0;73.0;73.0;43.0;34.0;353.0;453.0;72.0;81.0;12.0;12.0;24.0;24.0;17.0;11.0;22.0;19.0;23;2024-04-07;12:30:00;2.5;3.57;2.99;8;солнечно;18072.0;1;0;2
34;Зенит;1;Балтика;0;1.81;0.38;17.0;10.0;8.0;3.0;5.0;3.0;3.0;6.0;65.0;35.0;10.0;4.0;5.0;11.0;1.0;0.0;1.0;0.0;0.0;0.0;84.0;68.0;47.0;27.0;654.0;345.0;87.0;77.0;8.0;6.0;12.0;18.0;15.0;11.0;7.0;13.0;23;2024-04-07;09:30:00;1.32;5.64;12.5;14;солнечно;21798.0;1;0;1
35;Ахмат;0;Локомотив Москва;2;0.27;2.58;6.0;20.0;0.0;8.0;1.0;6.0;8.0;1.0;33.0;67.0;0.0;11.0;12.0;12.0;2.0;2.0;2.0;1.0;1.0;0.0;62.0;90.0;25.0;49.0;315.0;661.0;71.0;87.0;16.0;12.0;19.0;15.0;15.0;21.0;10.0;14.0;23;2024-04-07;09:30:00;2.62;3.49;2.88;16;местами дождь;3836.0;1;0;2
36;ЦСКА Москва;4;Факел;1;1.66;0.19;23.0;6.0;8.0;1.0;5.0;1.0;1.0;4.0;50.0;50.0;9.0;3.0;14.0;8.0;0.0;1.0;2.0;0.0;0.0;0.0;72.0;75.0;41.0;23.0;375.0;396.0;71.0;73.0;7.0;14.0;26.0;28.0;22.0;6.0;9.0;17.0;23;2024-04-07;07:00:00;1.77;3.78;5.39;8;солнечно;11234.0;1;0;1
37;Ростов;2;ПФК Сочи;2;1.58;0.52;19.0;5.0;9.0;2.0;5.0;0.0;0.0;5.0;52.0;48.0;8.0;1.0;12.0;15.0;1.0;3.0;2.0;3.0;0.0;0.0;70.0;64.0;46.0;29.0;391.0;376.0;73.0;72.0;18.0;15.0;18.0;20.0;30.0;10.0;11.0;13.0;23;2024-04-06;13:00:00;2.01;3.64;4.08;19;переменная облачность;13770.0;1;0;0
38;Пари НН;3;Краснодар;4;1.58;1.64;21.0;10.0;8.0;5.0;6.0;1.0;1.0;5.0;42.0;58.0;8.0;5.0;15.0;9.0;0.0;1.0;0.0;2.0;0.0;0.0;55.0;57.0;27.0;31.0;349.0;513.0;71.0;79.0;9.0;15.0;18.0;22.0;32.0;9.0;14.0;15.0;23;2024-04-06;09:30:00;3.96;3.39;2.14;7;переменная облачность;9104.0;1;0;2
39;Урал;1;Крылья Советов;2;1.42;1.36;11.0;9.0;4.0;4.0;3.0;1.0;2.0;4.0;41.0;59.0;9.0;4.0;21.0;10.0;3.0;3.0;5.0;3.0;1.0;0.0;52.0;52.0;28.0;22.0;246.0;373.0;61.0;71.0;10.0;25.0;30.0;16.0;19.0;8.0;7.0;18.0;23;2024-04-06;07:00:00;2.87;3.31;2.74;7;переменная облачность;5912.0;1;0;2
40;Локомотив Москва;1;Краснодар;1;0.93;1.17;10.0;19.0;4.0;6.0;4.0;7.0;5.0;3.0;53.0;47.0;3.0;7.0;12.0;16.0;3.0;3.0;6.0;4.0;0.0;0.0;63.0;60.0;41.0;35.0;441.0;390.0;81.0;79.0;19.0;14.0;20.0;21.0;15.0;20.0;15.0;10.0;22;2024-03-31;12:30:00;2.59;3.46;2.94;8;солнечно;9327.0;1;0;0
41;Рубин;2;Ахмат;1;1.7;0.37;11.0;8.0;2.0;2.0;1.0;3.0;1.0;0.0;46.0;54.0;2.0;5.0;20.0;10.0;1.0;4.0;2.0;1.0;0.0;0.0;81.0;78.0;48.0;48.0;399.0;460.0;74.0;76.0;14.0;23.0;21.0;14.0;6.0;20.0;16.0;17.0;22;2024-03-31;09:30:00;2.48;3.21;3.33;6;переменная облачность;8371.0;1;0;1
42;Факел;0;Оренбург;0;0.45;0.33;14.0;10.0;1.0;2.0;5.0;3.0;3.0;2.0;43.0;57.0;6.0;7.0;19.0;16.0;3.0;1.0;2.0;1.0;0.0;0.0;54.0;47.0;31.0;23.0;239.0;337.0;64.0;74.0;18.0;22.0;26.0;17.0;24.0;19.0;19.0;20.0;22;2024-03-31;07:00:00;2.38;3.29;3.43;18;солнечно;12445.0;1;0;0
43;Спартак;0;Урал;0;1.1;0.46;21.0;7.0;10.0;2.0;2.0;2.0;2.0;9.0;60.0;40.0;4.0;5.0;11.0;16.0;0.0;5.0;2.0;4.0;0.0;0.0;67.0;60.0;47.0;29.0;490.0;325.0;77.0;65.0;21.0;11.0;32.0;19.0;17.0;15.0;9.0;17.0;22;2024-03-30;11:00:00;1.56;4.42;6.73;8;солнечно;8554.0;1;0;0
44;Балтика;2;Пари НН;0;2.43;0.43;14.0;15.0;4.0;3.0;4.0;5.0;1.0;0.0;48.0;52.0;3.0;9.0;16.0;9.0;0.0;2.0;2.0;4.0;0.0;0.0;68.0;63.0;31.0;31.0;299.0;323.0;62.0;60.0;10.0;11.0;21.0;20.0;15.0;16.0;16.0;19.0;22;2024-03-30;09:30:00;2.34;3.16;3.67;20;солнечно;7275.0;1;0;1
45;ПФК Сочи;2;ЦСКА Москва;2;2.15;1.75;15.0;13.0;8.0;3.0;1.0;2.0;0.0;6.0;59.0;41.0;5.0;4.0;14.0;6.0;1.0;0.0;2.0;2.0;0.0;0.0;87.0;67.0;44.0;24.0;550.0;382.0;83.0;77.0;5.0;15.0;16.0;15.0;19.0;17.0;17.0;22.0;22;2024-03-30;08:30:00;3.64;3.39;2.24;15;небольшой дождь;5681.0;1;0;0
46;Крылья Советов;1;Зенит;1;0.31;1.4;7.0;15.0;1.0;3.0;5.0;6.0;4.0;0.0;29.0;71.0;3.0;13.0;9.0;6.0;0.0;2.0;2.0;1.0;0.0;0.0;50.0;89.0;34.0;52.0;294.0;723.0;69.0;89.0;8.0;9.0;8.0;19.0;9.0;33.0;18.0;13.0;22;2024-03-30;06:00:00;5.29;4.16;1.71;6;переменная облачность;9701.0;1;0;0
47;Динамо Москва;1;Ростов;4;1.86;2.28;16.0;16.0;9.0;7.0;5.0;3.0;3.0;8.0;55.0;45.0;9.0;5.0;14.0;6.0;2.0;1.0;1.0;2.0;0.0;0.0;67.0;64.0;39.0;30.0;431.0;352.0;79.0;73.0;7.0;14.0;17.0;15.0;21.0;10.0;12.0;22.0;22;2024-03-29;11:30:00;2.05;3.94;3.63;8;солнечно;8052.0;1;0;2
48;Спартак;0;Факел;2;1.04;1.1;18.0;6.0;6.0;2.0;5.0;0.0;0.0;6.0;68.0;32.0;7.0;4.0;17.0;19.0;0.0;6.0;6.0;5.0;0.0;0.0;68.0;61.0;35.0;18.0;531.0;240.0;78.0;57.0;25.0;14.0;27.0;14.0;21.0;15.0;10.0;18.0;20;2024-03-10;11:00:00;1.73;3.94;5.49;8;солнечно;11640.0;0;0;2
49;Локомотив Москва;2;ПФК Сочи;2;0.98;1.08;15.0;11.0;6.0;2.0;3.0;2.0;0.0;3.0;50.0;50.0;4.0;1.0;11.0;16.0;1.0;1.0;4.0;2.0;1.0;1.0;74.0;55.0;49.0;27.0;430.0;443.0;77.0;77.0;17.0;14.0;23.0;15.0;22.0;11.0;7.0;10.0;20;2024-03-10;08:30:00;1.83;3.98;4.62;8;солнечно;9437.0;1;0;0
50;Оренбург;1;Балтика;0;1.63;1.13;9.0;14.0;3.0;6.0;1.0;5.0;5.0;2.0;50.0;50.0;1.0;3.0;11.0;13.0;3.0;3.0;1.0;1.0;0.0;0.0;67.0;72.0;47.0;51.0;417.0;424.0;77.0;77.0;15.0;14.0;15.0;28.0;18.0;16.0;26.0;18.0;20;2024-03-10;06:00:00;2.16;3.52;3.74;11;переменная облачность;4932.0;1;0;1
51;Динамо Москва;2;Ахмат;0;1.78;1.39;20.0;15.0;9.0;4.0;5.0;1.0;4.0;7.0;63.0;37.0;7.0;3.0;10.0;10.0;0.0;0.0;1.0;3.0;0.0;1.0;94.0;62.0;40.0;29.0;602.0;338.0;83.0;77.0;11.0;10.0;16.0;15.0;16.0;21.0;20.0;17.0;20;2024-03-09;10:00:00;1.84;4.03;4.47;8;солнечно;11509.0;1;0;1
52;Рубин;0;Пари НН;1;0.35;0.93;10.0;8.0;3.0;2.0;1.0;2.0;2.0;4.0;68.0;32.0;6.0;3.0;13.0;13.0;1.0;4.0;1.0;2.0;0.0;0.0;81.0;55.0;53.0;25.0;568.0;271.0;82.0;63.0;16.0;13.0;29.0;16.0;33.0;8.0;14.0;13.0;20;2024-03-09;07:30:00;2.26;3.21;3.82;6;переменная облачность;8292.0;1;0;2
53;Урал;1;Зенит;4;1.05;2.09;9.0;13.0;3.0;5.0;2.0;5.0;1.0;2.0;35.0;65.0;6.0;5.0;8.0;6.0;1.0;0.0;1.0;0.0;0.0;0.0;51.0;54.0;23.0;35.0;328.0;645.0;74.0;86.0;6.0;8.0;11.0;18.0;15.0;12.0;13.0;7.0;20;2024-03-09;05:00:00;6.01;3.96;1.68;7;переменная облачность;10384.0;1;0;2
54;Ростов;2;Краснодар;1;0.26;0.25;17.0;10.0;7.0;2.0;0.0;5.0;1.0;5.0;50.0;50.0;1.0;6.0;18.0;13.0;2.0;1.0;5.0;6.0;0.0;1.0;64.0;65.0;44.0;29.0;415.0833333333333;333.1666666666667;74.83333333333333;70.25;14.0;20.0;14.0;18.0;20.833333333333332;13.833333333333334;13.333333333333334;12.0;20;2024-03-08;09:30:00;2.76;3.31;2.85;19;переменная облачность;16668.0;1;0;1
55;Крылья Советов;0;ЦСКА Москва;2;1.14;1.19;8.0;14.0;7.0;7.0;0.0;3.0;5.0;6.0;60.0;40.0;6.0;4.0;5.0;17.0;1.0;2.0;2.0;3.0;0.0;0.0;71.0;71.0;42.0;33.0;538.0;362.0;82.0;73.0;18.0;7.0;19.0;15.0;20.0;8.0;12.0;13.0;20;2024-03-08;05:00:00;3.21;3.56;2.37;6;переменная облачность;8278.0;1;0;2
56;Балтика;0;ПФК Сочи;0;1.9;1.47;12.0;10.0;2.0;6.0;5.0;0.0;6.0;2.0;40.0;60.0;5.0;4.0;16.0;10.0;0.0;3.0;3.0;2.0;0.0;0.0;98.0;108.0;60.0;58.0;331.0;503.0;71.0;78.0;13.0;15.0;28.0;25.0;16.0;15.0;9.0;13.0;19;2024-03-03;10:00:00;2.79;3.21;2.9;20;солнечно;10701.0;1;0;0
57;Динамо Москва;2;Локомотив Москва;1;1.42;0.27;14.0;7.0;6.0;3.0;4.0;1.0;2.0;3.0;43.0;57.0;3.0;2.0;15.0;11.0;3.0;3.0;3.0;4.0;0.0;0.0;89.0;91.0;39.0;33.0;398.0;540.0;72.0;79.0;13.0;15.0;24.0;24.0;16.0;15.0;19.0;23.0;19;2024-03-03;07:30:00;2.39;3.73;3.03;8;солнечно;14170.0;1;0;1
58;Пари НН;1;Факел;1;0.91;1.45;10.0;6.0;4.0;3.0;2.0;2.0;0.0;3.0;58.0;42.0;6.0;2.0;19.0;20.0;1.0;1.0;3.0;6.0;0.0;0.0;84.0;64.0;30.0;22.0;451.0;330.0;65.0;52.0;21.0;19.0;36.0;28.0;19.0;8.0;8.0;13.0;19;2024-03-03;05:00:00;2.9;3.04;2.93;7;переменная облачность;5195.0;1;0;0
59;Зенит;0;Спартак;0;0.27;0.35;7.0;11.0;2.0;3.0;0.0;3.0;3.0;2.0;62.0;38.0;8.0;4.0;9.0;15.0;3.0;0.0;4.0;4.0;0.0;0.0;74.0;55.0;36.0;25.0;514.0;317.0;85.0;78.0;14.0;11.0;19.0;24.0;28.0;12.0;12.0;9.0;19;2024-03-02;10:30:00;1.65;4.25;5.77;14;солнечно;57858.0;1;0;0
60;Ахмат;1;Урал;0;0.84;0.43;11.0;11.0;2.0;4.0;5.0;4.0;3.0;1.0;54.0;46.0;5.0;5.0;7.0;17.0;5.0;4.0;2.0;2.0;0.0;0.0;96.0;74.0;40.0;36.0;466.0;401.0;80.0;74.0;20.0;12.0;16.0;16.0;19.0;12.0;12.0;10.0;19;2024-03-02;10:00:00;2.25;3.43;3.58;16;местами дождь;5819.0;1;0;1
61;Краснодар;1;Рубин;1;1.34;0.72;16.0;12.0;6.0;6.0;4.0;2.0;4.0;6.0;57.0;43.0;5.0;5.0;13.0;10.0;0.0;4.0;3.0;0.0;0.0;0.0;73.0;75.0;31.0;30.0;525.0;387.0;78.0;74.0;15.0;13.0;30.0;18.0;10.0;10.0;14.0;18.0;19;2024-03-02;07:30:00;1.87;3.71;4.72;21;солнечно;27019.0;1;0;0
62;ЦСКА Москва;1;Оренбург;1;1.09;0.42;16.0;8.0;7.0;5.0;0.0;0.0;4.0;6.0;52.0;48.0;2.0;2.0;11.0;14.0;1.0;2.0;0.0;1.0;0.0;0.0;91.0;83.0;49.0;36.0;503.0;463.0;82.0;81.0;15.0;13.0;21.0;26.0;17.0;10.0;17.0;13.0;19;2024-03-02;05:00:00;1.61;4.42;5.91;8;солнечно;6144.0;1;0;0
63;Ростов;2;Крылья Советов;0;0.93;0.37;14.0;6.0;4.0;2.0;4.0;1.0;2.0;2.0;52.0;48.0;2.0;7.0;12.0;10.0;1.0;8.0;2.0;1.0;0.0;0.0;82.0;68.0;53.0;28.0;434.0;402.0;73.0;73.0;18.0;13.0;19.0;27.0;14.0;10.0;13.0;14.0;19;2024-03-01;10:00:00;2.0;3.37;3.37;19;переменная облачность;8850.0;1;0;1
64;Балтика;0;Рубин;1;1.01;0.66;12.0;10.0;2.0;6.0;7.0;1.0;4.0;3.0;56.0;44.0;7.0;1.0;10.0;9.0;2.0;1.0;2.0;1.0;0.0;0.0;76.0;72.0;43.0;38.0;477.0;393.0;71.0;66.0;10.0;12.0;31.0;24.0;25.0;9.0;16.0;12.0;18;2023-12-10;10:45:00;2.81;3.16;2.92;20;солнечно;6099.0;1;0;2
65;Краснодар;1;ЦСКА Москва;0;0.31;1.12;11.0;17.0;3.0;6.0;2.0;6.0;7.0;2.0;51.0;49.0;7.0;10.0;7.0;9.0;2.0;0.0;3.0;1.0;0.0;0.0;58.0;66.0;25.0;32.0;445.0;418.0;78.0;79.0;10.0;9.0;13.0;13.0;13.0;21.0;13.0;13.0;18;2023-12-10;10:45:00;2.36;3.52;3.25;21;солнечно;32793.0;1;0;1
66;ПФК Сочи;1;Оренбург;1;1.33;0.42;18.0;9.0;2.0;1.0;4.0;2.0;0.0;1.0;41.0;59.0;5.0;4.0;12.0;15.0;1.0;2.0;0.0;4.0;0.0;0.0;85.0;86.0;34.0;49.0;372.0;531.0;76.0;83.0;16.0;14.0;13.0;13.0;10.0;22.0;20.0;11.0;18;2023-12-10;07:30:00;2.13;3.81;3.52;15;небольшой дождь;1968.0;1;0;0
67;Факел;1;Динамо Москва;1;1.74;0.86;14.0;16.0;2.0;6.0;6.0;5.0;5.0;1.0;50.0;50.0;7.0;4.0;12.0;14.0;2.0;0.0;1.0;3.0;0.0;0.0;67.0;59.0;40.0;29.0;391.0;397.0;66.0;64.0;14.0;14.0;19.0;19.0;18.0;11.0;18.0;25.0;18;2023-12-10;05:00:00;3.57;3.57;2.19;18;солнечно;6254.0;1;0;0
68;Зенит;1;Пари НН;0;1.47;0.25;12.0;8.0;8.0;1.0;0.0;4.0;1.0;7.0;62.0;38.0;7.0;3.0;10.0;12.0;2.0;2.0;0.0;0.0;0.0;0.0;62.0;55.0;37.0;31.0;602.0;359.0;87.0;77.0;14.0;13.0;22.0;16.0;11.0;13.0;19.0;21.0;18;2023-12-09;10:45:00;1.21;7.18;19.5;14;солнечно;24951.0;1;0;1
69;Ахмат;0;Ростов;0;1.18;1.11;17.0;12.0;5.0;1.0;2.0;3.0;1.0;4.0;41.0;59.0;8.0;7.0;11.0;15.0;4.0;3.0;3.0;3.0;0.0;1.0;71.0;96.0;43.0;47.0;319.0;459.0;70.0;80.0;17.0;17.0;28.0;15.0;15.0;23.0;13.0;15.0;18;2023-12-09;07:30:00;2.5;3.63;2.94;16;местами дождь;5091.0;1;0;0
70;Спартак;3;Крылья Советов;0;1.8;1.34;15.0;11.0;7.0;3.0;0.0;5.0;2.0;4.0;43.0;57.0;2.0;6.0;12.0;9.0;2.0;6.0;2.0;1.0;0.0;0.0;76.0;85.0;34.0;30.0;391.0;518.0;81.0;84.0;14.0;15.0;12.0;16.0;12.0;26.0;24.0;11.0;18;2023-12-09;05:00:00;1.95;3.98;4.0;8;солнечно;7217.0;1;0;1
71;Локомотив Москва;2;Урал;0;1.87;0.28;10.0;5.0;5.0;0.0;2.0;1.0;0.0;3.0;50.0;50.0;9.0;7.0;10.0;16.0;2.0;2.0;3.0;2.0;0.0;0.0;59.0;81.0;28.0;38.0;452.0;444.0;78.0;73.0;19.0;11.0;17.0;18.0;20.0;22.0;13.0;27.0;18;2023-12-08;10:00:00;1.88;3.71;4.66;8;солнечно;3289.0;1;0;1
72;Динамо Москва;1;Рубин;0;2.54;1.37;14.0;13.0;6.0;3.0;3.0;2.0;3.0;5.0;53.0;47.0;3.0;5.0;10.0;14.0;3.0;3.0;0.0;1.0;0.0;0.0;96.0;80.0;48.0;35.0;522.0;448.0;84.0;81.0;17.0;12.0;11.0;17.0;8.0;16.0;23.0;15.0;17;2023-12-04;10:30:00;1.92;3.91;4.2;8;солнечно;5138.0;1;0;1
73;Ахмат;2;Спартак;1;0.52;0.55;5.0;12.0;3.0;4.0;0.0;7.0;3.0;1.0;36.0;64.0;2.0;8.0;9.0;13.0;1.0;0.0;3.0;2.0;0.0;0.0;73.0;82.0;35.0;49.0;315.0;533.0;72.0;85.0;15.0;10.0;17.0;21.0;6.0;31.0;16.0;20.0;17;2023-12-03;10:00:00;2.72;3.75;2.63;16;местами дождь;4643.0;1;0;1
74;Локомотив Москва;3;Зенит;1;0.85;1.18;9.0;9.0;3.0;3.0;3.0;3.0;2.0;0.0;37.0;63.0;3.0;7.0;12.0;14.0;0.0;1.0;3.0;1.0;0.0;0.0;65.0;82.0;33.0;45.0;300.0;508.0;70.0;82.0;17.0;11.0;19.0;15.0;10.0;21.0;14.0;17.0;17;2023-12-03;08:00:00;3.7;3.7;2.1;8;солнечно;10060.0;1;0;1
75;Краснодар;2;Оренбург;1;1.59;0.82;11.0;10.0;4.0;4.0;3.0;1.0;4.0;2.0;55.0;45.0;7.0;0.0;13.0;15.0;1.0;1.0;2.0;3.0;0.0;0.0;76.0;66.0;28.0;34.0;452.0;374.0;78.0;79.0;15.0;14.0;20.0;16.0;18.0;15.0;17.0;21.0;17;2023-12-03;07:30:00;1.68;4.34;5.23;21;солнечно;16889.0;1;0;1
76;ЦСКА Москва;2;Ростов;0;1.74;1.05;10.0;8.0;5.0;5.0;2.0;0.0;4.0;3.0;46.0;54.0;3.0;5.0;13.0;12.0;2.0;4.0;0.0;2.0;0.0;1.0;78.0;80.0;33.0;33.0;366.0;414.0;60.0;63.0;14.0;15.0;15.0;24.0;10.0;23.0;12.0;14.0;17;2023-12-03;05:00:00;1.94;3.87;4.12;8;солнечно;4791.0;1;0;1
77;Пари НН;1;Урал;0;0.81;0.52;7.0;10.0;2.0;4.0;5.0;2.0;5.0;1.0;49.0;51.0;1.0;6.0;14.0;12.0;2.0;0.0;1.0;1.0;0.0;0.0;68.0;85.0;34.0;40.0;403.0;417.0;75.0;74.0;11.0;15.0;26.0;19.0;14.0;17.0;17.0;17.0;17;2023-12-02;10:30:00;3.04;3.03;2.8;7;переменная облачность;3147.0;1;0;1
78;ПФК Сочи;0;Крылья Советов;2;0.61;2.36;10.0;12.0;1.0;6.0;4.0;2.0;3.0;1.0;49.0;51.0;4.0;8.0;13.0;1.0;3.0;3.0;4.0;1.0;0.0;0.0;72.0;78.0;32.0;37.0;408.0;431.0;79.0;82.0;6.0;16.0;16.0;20.0;20.0;23.0;13.0;10.0;17;2023-12-02;07:30:00;3.03;3.6;2.45;15;небольшой дождь;2637.0;1;0;2
79;Факел;0;Балтика;0;0.24;0.46;7.0;5.0;3.0;0.0;4.0;2.0;0.0;2.0;57.0;43.0;6.0;3.0;17.0;21.0;5.0;1.0;1.0;3.0;0.0;0.0;54.0;43.0;31.0;22.0;351.0;265.0;58.0;45.0;22.0;21.0;33.0;26.0;25.0;14.0;11.0;15.0;17;2023-12-02;05:00:00;2.33;3.1;3.79;18;солнечно;8279.0;1;0;0
80;Ростов;1;Пари НН;0;1.32;0.14;10.0;6.0;3.0;2.0;5.0;1.0;2.0;2.0;66.0;34.0;3.0;4.0;18.0;12.0;1.0;2.0;3.0;4.0;0.0;0.0;72.0;58.0;37.0;27.0;534.0;263.0;81.0;64.0;13.0;19.0;18.0;23.0;12.0;18.0;13.0;12.0;16;2023-11-26;10:00:00;1.82;3.75;5.02;19;переменная облачность;6941.0;1;0;1
81;Рубин;1;Факел;0;0.55;0.95;12.0;6.0;7.0;0.0;3.0;2.0;0.0;4.0;43.0;57.0;4.0;3.0;16.0;12.0;0.0;2.0;3.0;1.0;0.0;0.0;61.0;82.0;39.0;45.0;364.0;499.0;68.0;75.0;14.0;14.0;26.0;23.0;15.0;13.0;13.0;18.0;16;2023-11-26;07:30:00;2.32;3.22;3.64;6;переменная облачность;3725.0;1;0;1
82;Урал;3;Краснодар;1;1.39;0.63;15.0;3.0;6.0;1.0;4.0;0.0;0.0;4.0;39.0;61.0;3.0;3.0;13.0;14.0;1.0;0.0;1.0;4.0;0.0;0.0;59.0;68.0;32.0;35.0;368.0;578.0;73.0;81.0;15.0;14.0;13.0;10.0;18.0;9.0;11.0;9.0;16;2023-11-26;05:00:00;3.63;3.54;2.19;7;переменная облачность;5155.0;1;0;1
83;Оренбург;1;Ахмат;1;0.87;1.41;11.0;13.0;4.0;3.0;0.0;0.0;1.0;2.0;66.0;34.0;8.0;4.0;16.0;13.0;1.0;0.0;5.0;5.0;0.0;0.0;78.0;56.0;52.0;36.0;461.0;232.0;82.0;65.0;9.0;9.0;16.0;11.0;23.0;15.0;22.0;21.0;16;2023-11-26;03:00:00;2.17;4.0;3.29;11;переменная облачность;2420.0;1;0;0
84;Балтика;0;Спартак;2;2.32;2.05;12.0;15.0;4.0;6.0;2.0;5.0;5.0;3.0;53.0;47.0;11.0;5.0;7.0;13.0;3.0;1.0;1.0;2.0;0.0;0.0;73.0;66.0;46.0;40.0;239.0;229.0;50.0;53.0;14.0;10.0;12.0;16.0;25.0;9.0;23.0;14.0;16;2023-11-25;10:45:00;3.12;3.54;2.43;20;солнечно;16267.0;1;0;2
85;ЦСКА Москва;2;Динамо Москва;3;1.92;1.99;20.0;19.0;6.0;6.0;3.0;9.0;1.0;5.0;55.0;45.0;2.0;8.0;7.0;13.0;1.0;2.0;1.0;4.0;0.0;0.0;78.0;70.0;43.0;42.0;530.0;433.0;84.0;76.0;17.0;8.0;12.0;12.0;19.0;11.0;13.0;14.0;16;2023-11-25;08:30:00;2.22;3.8;3.31;8;солнечно;8423.0;1;0;2
86;Зенит;3;ПФК Сочи;0;2.78;0.08;14.0;3.0;7.0;1.0;3.0;1.0;0.0;1.0;64.0;36.0;7.0;2.0;9.0;7.0;2.0;0.0;0.0;1.0;0.0;0.0;88.0;70.0;47.0;32.0;615.0;341.0;86.0;74.0;3.0;6.0;14.0;7.0;14.0;9.0;16.0;23.0;16;2023-11-25;06:15:00;1.33;5.79;11.0;14;солнечно;21964.0;1;0;1
87;Крылья Советов;3;Локомотив Москва;3;1.42;1.04;16.0;14.0;10.0;4.0;2.0;5.0;2.0;8.0;58.0;42.0;4.0;3.0;11.0;12.0;1.0;1.0;4.0;2.0;0.0;0.0;86.0;68.0;52.0;44.0;460.0;333.0;77.0;71.0;12.0;11.0;31.0;20.0;12.0;12.0;16.0;21.0;16;2023-11-25;04:00:00;2.56;3.75;2.79;6;переменная облачность;5924.0;1;0;0
88;Спартак;2;Ростов;1;1.68;1.58;11.0;14.0;3.0;6.0;4.0;3.0;4.0;2.0;53.0;47.0;8.0;6.0;10.0;6.0;3.0;5.0;0.0;0.0;0.0;0.0;77.0;66.0;39.0;37.0;511.0;437.0;77.0;76.0;11.0;10.0;16.0;11.0;15.0;22.0;11.0;18.0;15;2023-11-12;10:30:00;1.93;4.01;4.01;8;солнечно;10517.0;1;0;1
89;ПФК Сочи;0;Рубин;2;1.29;1.89;10.0;15.0;4.0;4.0;0.0;4.0;3.0;5.0;54.0;46.0;6.0;7.0;16.0;6.0;0.0;4.0;3.0;0.0;1.0;0.0;74.0;78.0;45.0;41.0;445.0;372.0;78.0;77.0;11.0;15.0;22.0;22.0;23.0;18.0;10.0;12.0;15;2023-11-12;10:00:00;2.26;3.45;3.54;15;небольшой дождь;2992.0;1;0;2
90;Динамо Москва;2;Оренбург;0;4.19;1.02;27.0;16.0;6.0;5.0;11.0;4.0;6.0;4.0;52.0;48.0;10.0;4.0;12.0;7.0;0.0;2.0;1.0;1.0;0.0;0.0;92.0;81.0;37.0;31.0;438.0;415.0;82.0;80.0;9.0;12.0;17.0;22.0;24.0;13.0;20.0;15.0;15;2023-11-12;07:30:00;1.75;4.53;4.5;8;солнечно;7298.0;1;0;1
91;Пари НН;0;Балтика;0;0.26;0.44;6.0;9.0;1.0;1.0;3.0;2.0;1.0;1.0;49.0;51.0;2.0;5.0;8.0;13.0;2.0;1.0;2.0;2.0;0.0;0.0;76.0;82.0;36.0;38.0;373.0;371.0;69.0;69.0;14.0;9.0;25.0;34.0;12.0;35.0;17.0;17.0;15;2023-11-12;05:00:00;2.74;3.13;3.01;7;переменная облачность;5921.0;1;0;0
92;Зенит;1;Краснодар;1;1.26;2.25;17.0;15.0;4.0;5.0;5.0;4.0;3.0;4.0;60.0;40.0;8.0;4.0;10.0;15.0;1.0;2.0;0.0;1.0;0.0;0.0;80.0;73.0;45.0;23.0;481.0;333.0;85.0;76.0;18.0;13.0;26.0;16.0;24.0;7.0;15.0;17.0;15;2023-11-11;10:30:00;1.69;4.04;5.67;14;солнечно;46701.0;1;0;0
93;Локомотив Москва;2;Ахмат;1;3.24;1.78;15.0;15.0;5.0;3.0;6.0;6.0;2.0;3.0;64.0;36.0;6.0;3.0;15.0;11.0;2.0;1.0;4.0;4.0;1.0;0.0;91.0;70.0;41.0;25.0;547.0;304.0;85.0;77.0;13.0;16.0;20.0;16.0;18.0;11.0;19.0;22.0;15;2023-11-11;07:30:00;1.79;4.18;4.6;8;солнечно;5306.0;1;0;1
94;Факел;1;ЦСКА Москва;1;1.38;0.68;16.0;7.0;6.0;2.0;4.0;3.0;1.0;5.0;61.0;39.0;8.0;3.0;11.0;12.0;3.0;0.0;1.0;0.0;0.0;0.0;47.0;31.0;27.0;21.0;405.0;269.0;70.0;54.0;12.0;15.0;29.0;35.0;34.0;12.0;8.0;6.0;15;2023-11-11;05:00:00;3.27;3.37;2.43;18;солнечно;13454.0;1;0;0
95;Крылья Советов;3;Урал;1;4.12;0.69;18.0;11.0;9.0;2.0;1.0;4.0;1.0;5.0;54.0;46.0;6.0;2.0;17.0;13.0;1.0;1.0;4.0;4.0;0.0;1.0;77.0;76.0;53.0;45.0;396.0;343.0;76.0;73.0;11.0;16.0;22.0;12.0;21.0;12.0;8.0;8.0;15;2023-11-11;05:00:00;2.03;3.7;3.96;6;переменная облачность;5249.0;1;0;1
96;ПФК Сочи;3;Динамо Москва;3;2.94;1.07;21.0;18.0;10.0;8.0;4.0;4.0;4.0;5.0;49.0;51.0;5.0;7.0;18.0;7.0;1.0;4.0;6.0;0.0;1.0;0.0;79.0;89.0;39.0;45.0;334.0;360.0;72.0;75.0;11.0;16.0;19.0;20.0;23.0;17.0;12.0;14.0;14;2023-11-06;10:30:00;3.27;3.71;2.27;15;небольшой дождь;4200.0;1;0;0
97;Урал;0;Рубин;1;1.17;0.86;21.0;6.0;7.0;2.0;6.0;1.0;1.0;8.0;67.0;33.0;8.0;3.0;4.0;14.0;3.0;1.0;1.0;2.0;0.0;0.0;74.0;55.0;36.0;25.0;622.0;302.0;81.0;66.0;18.0;7.0;28.0;19.0;24.0;10.0;13.0;13.0;14;2023-11-06;07:30:00;2.34;3.41;3.38;7;переменная облачность;4829.0;1;0;2
98;Оренбург;1;Ростов;1;1.83;2.15;24.0;19.0;10.0;7.0;4.0;6.0;2.0;6.0;42.0;58.0;8.0;5.0;11.0;11.0;4.0;1.0;5.0;2.0;0.0;0.0;73.0;71.0;51.0;48.0;320.0;432.0;72.0;75.0;13.0;13.0;15.0;22.0;25.0;28.0;12.0;17.0;14;2023-11-06;05:00:00;2.29;3.91;3.1;11;переменная облачность;3256.0;1;0;0
99;Локомотив Москва;1;Спартак;1;1.76;0.81;19.0;12.0;5.0;2.0;6.0;2.0;1.0;4.0;47.0;53.0;3.0;4.0;13.0;13.0;2.0;1.0;2.0;1.0;0.0;1.0;55.0;64.0;36.0;41.0;411.0;450.0;79.0;79.0;12.0;14.0;22.0;20.0;12.0;16.0;11.0;17.0;14;2023-11-05;10:30:00;2.67;3.6;2.76;8;солнечно;14523.0;1;0;0
100;ЦСКА Москва;3;Пари НН;2;1.63;1.2;13.0;8.0;7.0;2.0;0.0;3.0;1.0;4.0;62.0;38.0;8.0;2.0;15.0;21.0;1.0;2.0;5.0;4.0;0.0;0.0;91.0;69.0;41.0;25.0;445.0;276.0;80.0;68.0;23.0;15.0;25.0;17.0;19.0;9.0;9.0;11.0;14;2023-11-05;07:30:00;1.52;4.53;7.42;8;солнечно;6096.0;1;0;1
101;Краснодар;2;Крылья Советов;1;2.26;0.36;14.0;8.0;7.0;2.0;3.0;1.0;1.0;5.0;51.0;49.0;2.0;3.0;13.0;11.0;3.0;2.0;2.0;4.0;0.0;0.0;78.0;77.0;36.0;39.0;488.0;463.0;83.0;81.0;12.0;14.0;9.0;15.0;7.0;13.0;10.0;12.0;14;2023-11-05;05:00:00;1.79;3.95;4.93;21;солнечно;31055.0;1;0;1
102;Балтика;0;Зенит;2;0.8;2.11;5.0;10.0;1.0;4.0;2.0;2.0;3.0;1.0;36.0;64.0;4.0;2.0;10.0;6.0;2.0;2.0;0.0;0.0;0.0;0.0;74.0;92.0;37.0;47.0;359.0;675.0;73.0;83.0;8.0;11.0;19.0;22.0;20.0;11.0;7.0;13.0;14;2023-11-04;11:00:00;5.8;3.89;1.71;20;солнечно;16929.0;1;0;2
103;Ахмат;1;Факел;2;1.14;0.38;19.0;10.0;6.0;3.0;4.0;2.0;2.0;4.0;59.0;41.0;7.0;3.0;13.0;11.0;1.0;0.0;3.0;3.0;0.0;0.0;107.0;89.0;58.0;29.0;439.0;308.0;70.0;54.0;12.0;13.0;36.0;24.0;21.0;8.0;15.0;23.0;14;2023-11-04;08:30:00;2.06;3.68;3.87;16;местами дождь;4712.0;1;0;2
104;ЦСКА Москва;1;Краснодар;0;1.28;1.21;9.0;16.0;8.0;6.0;3.0;4.0;6.0;7.0;39.0;61.0;1.0;5.0;11.0;11.0;1.0;1.0;2.0;3.0;0.0;0.0;85.0;98.0;38.0;33.0;399.0;612.0;79.0;86.0;13.0;11.0;8.0;16.0;5.0;22.0;15.0;11.0;13;2023-10-29;11:30:00;2.4;3.63;3.08;8;солнечно;10777.0;1;0;1
105;Динамо Москва;2;Урал;1;1.28;1.66;14.0;14.0;6.0;6.0;5.0;3.0;5.0;4.0;55.0;45.0;7.0;6.0;17.0;12.0;2.0;3.0;3.0;1.0;0.0;0.0;93.0;88.0;49.0;36.0;446.0;447.0;79.0;75.0;15.0;20.0;21.0;19.0;13.0;22.0;14.0;18.0;13;2023-10-29;08:30:00;1.66;4.29;5.54;8;солнечно;7384.0;1;0;1
106;Пари НН;1;ПФК Сочи;0;0.44;2.1;6.0;18.0;2.0;5.0;1.0;4.0;5.0;1.0;37.0;63.0;1.0;4.0;18.0;14.0;4.0;0.0;3.0;0.0;0.0;0.0;68.0;87.0;27.0;41.0;292.0;476.0;67.0;81.0;13.0;19.0;15.0;21.0;6.0;29.0;17.0;12.0;13;2023-10-29;06:00:00;2.56;3.27;3.13;7;переменная облачность;4570.0;1;0;1
107;Зенит;2;Ахмат;1;1.77;0.81;13.0;12.0;3.0;3.0;4.0;2.0;1.0;1.0;65.0;35.0;5.0;3.0;7.0;8.0;0.0;1.0;2.0;1.0;0.0;0.0;94.0;81.0;45.0;37.0;677.0;358.0;85.0;75.0;9.0;6.0;18.0;17.0;16.0;6.0;17.0;16.0;13;2023-10-28;12:00:00;1.36;5.77;9.2;14;солнечно;17967.0;1;0;1
108;Крылья Советов;1;Оренбург;1;1.22;1.23;15.0;16.0;5.0;5.0;4.0;3.0;4.0;3.0;43.0;57.0;8.0;7.0;7.0;15.0;1.0;0.0;0.0;3.0;0.0;0.0;54.0;57.0;32.0;39.0;295.0;397.0;76.0;82.0;13.0;7.0;20.0;22.0;15.0;14.0;10.0;12.0;13;2023-10-28;09:30:00;2.12;3.85;3.52;6;переменная облачность;5659.0;1;0;0
109;Ростов;1;Локомотив Москва;0;1.94;0.95;16.0;16.0;5.0;6.0;5.0;5.0;7.0;3.0;52.0;48.0;6.0;7.0;11.0;19.0;3.0;6.0;1.0;2.0;0.0;0.0;69.0;69.0;38.0;37.0;354.0;323.0;75.0;72.0;24.0;16.0;21.0;19.0;19.0;15.0;13.0;6.0;13;2023-10-28;09:30:00;2.53;3.85;2.78;19;переменная облачность;11847.0;1;0;1
110;Факел;2;Спартак;0;1.52;0.51;10.0;9.0;3.0;2.0;0.0;4.0;2.0;2.0;46.0;54.0;3.0;4.0;15.0;16.0;7.0;1.0;1.0;4.0;0.0;1.0;61.0;60.0;36.0;25.0;265.0;315.0;54.0;59.0;16.0;20.0;26.0;34.0;18.0;15.0;18.0;18.0;13;2023-10-28;07:00:00;4.13;3.85;1.95;18;солнечно;11612.0;1;0;1
111;Рубин;1;Балтика;0;0.91;1.0708333333333333;11.0;5.0;3.0;1.0;2.0;3.0;1.0;2.0;57.0;43.0;13.0;5.0;9.0;14.0;1.0;1.0;1.0;4.0;0.0;0.0;69.0;67.0;36.0;40.0;374.6666666666667;459.9166666666667;73.66666666666667;77.41666666666667;15.0;10.0;29.0;18.0;14.166666666666666;13.666666666666666;13.416666666666666;13.833333333333334;13;2023-10-27;12:00:00;2.14;3.06;3.34;6;переменная облачность;2832.0;1;0;1
112;Ростов;3;Ахмат;0;1.3415384615384616;0.8200000000000001;9.0;5.0;3.0;1.0;0.0;0.0;1.0;0.0;52.0;48.0;6.0;6.0;1.0;11.0;0.0;5.0;1.0;3.0;0.0;0.0;60.0;74.0;40.0;41.0;415.0833333333333;333.1666666666667;74.83333333333333;70.25;16.0;1.0;4.0;16.0;20.833333333333332;13.833333333333334;13.333333333333334;12.0;12;2023-10-22;12:00:00;2.2;3.77;3.39;19;переменная облачность;8707.0;1;0;1
113;Зенит;3;Крылья Советов;1;2.55;0.41;19.0;6.0;6.0;1.0;5.0;2.0;0.0;2.0;59.0;41.0;5.0;2.0;10.0;5.0;0.0;0.0;1.0;2.0;0.0;0.0;81.0;61.0;49.0;24.0;526.0;361.0;85.0;74.0;5.0;10.0;23.0;22.0;19.0;7.0;17.0;11.0;12;2023-10-22;09:30:00;1.4;5.45;8.5;14;солнечно;24402.0;1;0;1
114;Спартак;2;Пари НН;0;2.28;0.31;23.0;7.0;11.0;1.0;3.0;2.0;3.0;10.0;67.0;33.0;10.0;2.0;14.0;14.0;0.0;3.0;0.0;4.0;0.0;1.0;58.0;51.0;44.0;30.0;538.0;259.0;84.0;66.0;18.0;13.0;19.0;14.0;19.0;10.0;13.0;19.0;12;2023-10-22;07:00:00;1.72;3.87;5.75;8;солнечно;10201.0;1;0;1
115;Урал;1;ПФК Сочи;4;0.77;1.28;13.0;11.0;2.0;8.0;7.0;3.0;3.0;1.0;55.0;45.0;4.0;5.0;14.0;18.0;2.0;2.0;1.0;1.0;0.0;0.0;91.0;59.0;35.0;28.0;428.0;344.0;73.0;67.0;19.0;16.0;28.0;16.0;28.0;25.0;9.0;3.0;12;2023-10-22;05:00:00;2.27;3.38;3.58;7;переменная облачность;7817.0;1;0;2
116;Балтика;2;Краснодар;2;1.39;2.0;13.0;13.0;5.0;7.0;1.0;1.0;2.0;1.0;32.0;68.0;6.0;2.0;12.0;7.0;1.0;1.0;3.0;1.0;0.0;0.0;84.0;96.0;39.0;31.0;254.0;567.0;63.0;83.0;3.0;9.0;17.0;6.0;21.0;13.0;5.0;9.0;12;2023-10-21;12:00:00;3.7;3.5;2.17;20;солнечно;10270.0;1;0;0
117;Локомотив Москва;0;Динамо Москва;0;1.06;0.88;21.0;16.0;8.0;4.0;6.0;6.0;5.0;8.0;52.0;48.0;8.0;8.0;8.0;8.0;0.0;3.0;0.0;0.0;0.0;0.0;66.0;66.0;42.0;42.0;460.0;428.0;79.0;79.0;11.0;8.0;17.0;16.0;14.0;17.0;13.0;18.0;12;2023-10-21;09:30:00;2.23;3.93;3.19;8;солнечно;9842.0;1;0;0
118;Рубин;0;ЦСКА Москва;0;0.41;0.48;10.0;11.0;3.0;2.0;3.0;3.0;1.0;3.0;42.0;58.0;2.0;3.0;16.0;10.0;1.0;5.0;3.0;4.0;0.0;0.0;74.0;68.0;43.0;41.0;361.0;494.0;71.0;77.0;15.0;16.0;19.0;14.0;9.0;14.0;12.0;14.0;12;2023-10-21;07:00:00;3.33;3.58;2.3;6;переменная облачность;6899.0;1;0;0
119;Оренбург;1;Факел;2;1.1;1.59;25.0;13.0;8.0;7.0;2.0;2.0;4.0;6.0;72.0;28.0;14.0;2.0;11.0;14.0;1.0;1.0;4.0;2.0;0.0;0.0;77.0;59.0;44.0;37.0;500.0;210.0;84.0;50.0;11.0;8.0;30.0;14.0;43.0;6.0;10.0;12.0;12;2023-10-21;05:00:00;1.85;3.88;4.59;11;переменная облачность;2551.0;1;0;2
120;Ахмат;0;Рубин;1;0.95;2.1;19.0;11.0;4.0;3.0;4.0;1.0;2.0;4.0;63.0;37.0;6.0;5.0;11.0;12.0;6.0;2.0;3.0;2.0;0.0;0.0;88.0;77.0;57.0;36.0;504.0;292.0;77.0;66.0;14.0;17.0;32.0;15.0;15.0;10.0;12.0;13.0;11;2023-10-08;12:00:00;2.16;3.68;3.55;16;местами дождь;5104.0;1;0;2
121;Спартак;2;ЦСКА Москва;2;0.52;0.98;10.0;12.0;4.0;5.0;1.0;3.0;3.0;2.0;60.0;40.0;3.0;4.0;11.0;12.0;1.0;4.0;1.0;3.0;0.0;0.0;79.0;73.0;28.0;34.0;575.0;383.0;82.0;73.0;15.0;11.0;5.0;10.0;12.0;19.0;8.0;17.0;11;2023-10-08;12:00:00;2.53;3.63;2.9;8;солнечно;25245.0;1;0;0
122;Динамо Москва;0;Факел;0;1.34;0.84;21.0;13.0;4.0;4.0;6.0;4.0;4.0;6.0;54.0;46.0;6.0;3.0;13.0;12.0;1.0;3.0;4.0;0.0;0.0;0.0;72.0;61.0;44.0;28.0;435.0;372.0;77.0;75.0;14.0;13.0;22.0;19.0;21.0;14.0;19.0;23.0;11;2023-10-08;09:30:00;1.46;3.98;6.41;8;солнечно;7920.0;1;0;0
123;Пари НН;2;Крылья Советов;0;0.78;0.24;11.0;8.0;3.0;4.0;3.0;2.0;5.0;2.0;29.0;71.0;0.0;5.0;13.0;10.0;0.0;1.0;2.0;0.0;0.0;0.0;65.0;86.0;27.0;47.0;275.0;688.0;72.0;87.0;11.0;14.0;17.0;23.0;7.0;20.0;16.0;11.0;11;2023-10-08;07:00:00;2.96;3.35;2.64;7;переменная облачность;7967.0;1;0;1
124;Краснодар;3;Ростов;2;0.95;0.48;10.0;7.0;6.0;3.0;1.0;0.0;1.0;3.0;49.0;51.0;1.0;1.0;16.0;11.0;5.0;3.0;4.0;3.0;0.0;0.0;83.0;81.0;30.0;39.0;399.0;421.0;69.0;66.0;15.0;20.0;25.0;31.0;4.0;7.0;16.0;9.0;11;2023-10-07;12:00:00;1.77;4.01;4.97;21;солнечно;27375.0;1;0;1
125;Балтика;1;Оренбург;0;0.8;0.78;8.0;17.0;3.0;2.0;2.0;7.0;3.0;2.0;30.0;70.0;5.0;7.0;15.0;10.0;2.0;4.0;1.0;2.0;0.0;0.0;76.0;80.0;50.0;51.0;259.0;601.0;62.0;83.0;13.0;15.0;16.0;12.0;11.0;29.0;13.0;9.0;11;2023-10-07;09:30:00;2.24;3.66;3.38;20;солнечно;7971.0;1;0;1
126;ПФК Сочи;0;Зенит;2;0.77;1.6;9.0;8.0;5.0;3.0;0.0;1.0;2.0;4.0;39.0;61.0;3.0;3.0;15.0;11.0;1.0;1.0;1.0;0.0;0.0;0.0;67.0;78.0;27.0;35.0;344.0;560.0;82.0;85.0;11.0;15.0;17.0;24.0;18.0;12.0;6.0;14.0;11;2023-10-07;07:00:00;7.06;4.76;1.51;15;небольшой дождь;5617.0;1;0;2
127;Урал;2;Локомотив Москва;2;2.46;1.64;14.0;16.0;5.0;5.0;4.0;4.0;2.0;2.0;40.0;60.0;8.0;12.0;8.0;17.0;0.0;3.0;3.0;3.0;0.0;0.0;52.0;61.0;23.0;35.0;281.0;421.0;65.0;78.0;18.0;8.0;19.0;11.0;21.0;27.0;15.0;8.0;11;2023-10-07;05:00:00;2.71;3.5;2.77;7;переменная облачность;10505.0;1;0;0
128;Ахмат;1;Динамо Москва;1;0.76;1.56;10.0;17.0;2.0;5.0;4.0;5.0;3.0;2.0;46.0;54.0;1.0;5.0;18.0;13.0;1.0;1.0;4.0;1.0;0.0;0.0;77.0;89.0;41.0;47.0;364.0;421.0;77.0;77.0;13.0;19.0;17.0;18.0;6.0;10.0;20.0;18.0;10;2023-10-01;12:00:00;3.35;4.03;2.13;16;местами дождь;4695.0;1;0;0
129;Крылья Советов;4;Спартак;0;1.25;1.04;12.0;15.0;7.0;3.0;1.0;6.0;3.0;3.0;32.0;68.0;7.0;5.0;9.0;15.0;1.0;0.0;4.0;3.0;0.0;0.0;54.0;69.0;36.0;43.0;192.0;440.0;63.0;85.0;15.0;10.0;16.0;17.0;13.0;12.0;13.0;17.0;10;2023-10-01;09:30:00;3.13;3.67;2.36;6;переменная облачность;23225.0;1;0;1
130;Факел;2;ПФК Сочи;0;1.87;0.76;17.0;7.0;5.0;1.0;2.0;0.0;1.0;3.0;48.0;52.0;12.0;4.0;15.0;17.0;2.0;0.0;0.0;4.0;0.0;0.0;63.0;58.0;35.0;21.0;315.0;340.0;66.0;65.0;17.0;17.0;17.0;23.0;21.0;14.0;17.0;6.0;10;2023-10-01;07:00:00;2.8;3.1;2.98;18;солнечно;10877.0;1;0;1
131;ЦСКА Москва;1;Балтика;0;0.75;0.61;13.0;8.0;3.0;1.0;1.0;4.0;2.0;2.0;54.0;46.0;7.0;5.0;10.0;14.0;0.0;2.0;1.0;2.0;0.0;0.0;77.0;68.0;36.0;18.0;488.0;421.0;74.0;70.0;16.0;10.0;26.0;22.0;20.0;16.0;18.0;11.0;10;2023-09-30;12:00:00;1.7;4.12;5.38;8;солнечно;8135.0;1;0;1
132;Рубин;0;Краснодар;2;0.57;1.42;15.0;15.0;3.0;4.0;4.0;1.0;2.0;5.0;48.0;52.0;3.0;4.0;20.0;14.0;4.0;4.0;1.0;2.0;0.0;0.0;62.0;65.0;33.0;28.0;349.0;393.0;75.0;76.0;18.0;21.0;13.0;23.0;16.0;8.0;6.0;15.0;10;2023-09-30;09:30:00;3.37;3.55;2.29;6;переменная облачность;5557.0;1;0;2
133;Локомотив Москва;1;Пари НН;0;1.29;0.91;12.0;13.0;1.0;3.0;4.0;1.0;3.0;0.0;60.0;40.0;6.0;1.0;9.0;12.0;1.0;1.0;2.0;3.0;0.0;0.0;95.0;80.0;40.0;33.0;469.0;315.0;80.0;74.0;14.0;13.0;22.0;17.0;12.0;4.0;19.0;18.0;10;2023-09-30;07:15:00;1.85;3.87;4.61;8;солнечно;6059.0;1;0;1
134;Оренбург;3;Зенит;1;1.21;2.3;10.0;32.0;3.0;14.0;0.0;6.0;12.0;0.0;32.0;68.0;1.0;10.0;19.0;12.0;2.0;2.0;5.0;2.0;0.0;0.0;54.0;66.0;38.0;45.0;262.0;561.0;68.0;84.0;13.0;21.0;10.0;16.0;8.0;22.0;13.0;16.0;10;2023-09-30;05:00:00;4.81;4.29;1.74;11;переменная облачность;5482.0;1;0;1
135;Ростов;2;Урал;2;2.35;1.4;21.0;13.0;5.0;4.0;5.0;4.0;2.0;4.0;63.0;37.0;7.0;4.0;8.0;9.0;3.0;2.0;2.0;3.0;0.0;1.0;40.0;45.0;30.0;27.0;430.0;264.0;78.0;67.0;11.0;10.0;20.0;15.0;25.0;9.0;10.0;6.0;10;2023-09-29;12:00:00;2.25;3.5;3.5;19;переменная облачность;7856.0;1;0;0
136;Факел;0;Рубин;1;0.45;2.59;10.0;13.0;2.0;5.0;3.0;3.0;5.0;3.0;52.0;48.0;7.0;4.0;14.0;17.0;1.0;2.0;4.0;4.0;0.0;0.0;69.0;52.0;40.0;31.0;402.0;372.0;69.0;68.0;19.0;16.0;26.0;15.0;20.0;9.0;18.0;17.0;9;2023-09-25;12:00:00;2.73;3.24;2.94;18;солнечно;11763.0;1;0;2
137;Краснодар;2;Урал;0;0.57;1.26;11.0;6.0;6.0;1.0;2.0;1.0;1.0;5.0;62.0;38.0;5.0;4.0;10.0;12.0;1.0;1.0;2.0;1.0;0.0;0.0;89.0;60.0;43.0;23.0;462.0;280.0;82.0;69.0;12.0;12.0;28.0;10.0;16.0;10.0;4.0;9.0;9;2023-09-24;12:00:00;1.69;4.08;5.59;21;солнечно;16605.0;1;0;1
138;Ростов;3;ЦСКА Москва;3;1.27;0.82;19.0;15.0;5.0;4.0;6.0;6.0;0.0;2.0;49.0;51.0;7.0;7.0;11.0;8.0;3.0;0.0;1.0;1.0;0.0;0.0;63.0;75.0;38.0;38.0;429.0;429.0;73.0;75.0;3.0;5.0;7.0;6.0;14.0;32.0;14.0;10.0;9;2023-09-24;12:00:00;2.88;3.65;2.53;19;переменная облачность;15050.0;1;0;0
139;Зенит;1;Локомотив Москва;2;0.98;0.93;15.0;11.0;3.0;3.0;6.0;4.0;1.0;2.0;57.0;43.0;3.0;5.0;6.0;13.0;0.0;0.0;3.0;6.0;0.0;1.0;64.0;61.0;33.0;28.0;500.0;361.0;82.0;75.0;12.0;5.0;16.0;17.0;20.0;11.0;12.0;6.0;9;2023-09-24;09:30:00;1.53;4.81;6.54;14;солнечно;36283.0;1;0;2
140;Пари НН;3;Оренбург;1;1.97;1.13;19.0;8.0;11.0;3.0;2.0;1.0;2.0;5.0;46.0;54.0;6.0;4.0;18.0;4.0;1.0;0.0;3.0;1.0;0.0;0.0;77.0;63.0;44.0;27.0;324.0;377.0;81.0;81.0;4.0;18.0;23.0;16.0;15.0;23.0;18.0;24.0;9;2023-09-24;07:00:00;2.83;3.41;2.71;7;переменная облачность;6790.0;1;0;1
141;Спартак;1;Динамо Москва;0;1.39;0.68;18.0;21.0;7.0;7.0;5.0;7.0;6.0;5.0;55.0;45.0;4.0;8.0;11.0;12.0;1.0;3.0;3.0;1.0;0.0;0.0;75.0;80.0;38.0;42.0;508.0;406.0;87.0;83.0;15.0;11.0;13.0;13.0;12.0;17.0;11.0;7.0;9;2023-09-23;12:00:00;2.23;4.16;3.06;8;солнечно;19025.0;1;0;1
142;Балтика;1;Ахмат;0;0.4;1.32;9.0;14.0;4.0;4.0;0.0;3.0;4.0;3.0;37.0;63.0;0.0;7.0;13.0;6.0;1.0;5.0;1.0;0.0;0.0;0.0;94.0;78.0;58.0;43.0;296.0;498.0;62.0;75.0;11.0;14.0;24.0;27.0;9.0;13.0;8.0;10.0;9;2023-09-23;09:30:00;2.46;3.5;3.1;20;солнечно;9113.0;1;0;1
143;Крылья Советов;2;ПФК Сочи;1;0.48;1.96;7.0;11.0;4.0;4.0;2.0;3.0;2.0;2.0;40.0;60.0;3.0;2.0;9.0;15.0;0.0;2.0;0.0;3.0;0.0;0.0;90.0;84.0;51.0;50.0;356.0;539.0;79.0;86.0;15.0;9.0;13.0;17.0;7.0;13.0;19.0;16.0;9;2023-09-23;07:00:00;1.89;3.82;4.45;6;переменная облачность;9651.0;1;0;1
144;Локомотив Москва;0;Оренбург;2;0.55;0.4;10.0;11.0;2.0;4.0;6.0;2.0;2.0;3.0;46.0;54.0;6.0;3.0;12.0;12.0;1.0;0.0;0.0;2.0;0.0;0.0;64.0;71.0;38.0;27.0;366.0;434.0;70.0;80.0;10.0;13.0;22.0;21.0;17.0;16.0;16.0;9.0;8;2023-09-17;12:00:00;1.81;4.32;4.32;8;солнечно;5957.0;1;0;2
145;Рубин;0;Зенит;3;0.76;1.48;12.0;5.0;2.0;4.0;3.0;0.0;1.0;4.0;39.0;61.0;3.0;4.0;15.0;6.0;1.0;0.0;2.0;2.0;0.0;0.0;70.0;67.0;33.0;44.0;403.0;623.0;78.0;86.0;8.0;14.0;21.0;18.0;9.0;11.0;17.0;12.0;8;2023-09-17;09:30:00;4.99;3.73;1.83;6;переменная облачность;10429.0;1;0;2
146;Урал;0;Факел;0;1.02;0.35;16.0;10.0;6.0;3.0;7.0;5.0;3.0;6.0;52.0;48.0;6.0;9.0;8.0;13.0;0.0;3.0;2.0;0.0;0.0;0.0;67.0;57.0;29.0;29.0;361.0;336.0;65.0;60.0;15.0;7.0;32.0;14.0;21.0;16.0;10.0;12.0;8;2023-09-17;07:00:00;1.96;3.5;4.58;7;переменная облачность;9316.0;1;0;0
147;Балтика;2;Ростов;2;0.56;1.07;14.0;13.0;5.0;7.0;4.0;2.0;5.0;2.0;50.0;50.0;5.0;1.0;10.0;9.0;2.0;3.0;1.0;1.0;0.0;0.0;96.0;80.0;50.0;48.0;394.0;411.0;63.0;67.0;12.0;11.0;34.0;22.0;10.0;5.0;13.0;13.0;8;2023-09-16;14:15:00;2.11;3.54;3.85;20;солнечно;11712.0;1;0;0
148;Спартак;1;ПФК Сочи;0;1.83;0.87;17.0;5.0;7.0;1.0;4.0;1.0;1.0;7.0;69.0;31.0;6.0;5.0;11.0;19.0;0.0;4.0;2.0;2.0;0.0;0.0;85.0;57.0;48.0;19.0;605.0;267.0;87.0;67.0;23.0;10.0;17.0;15.0;20.0;15.0;5.0;23.0;8;2023-09-16;12:00:00;1.53;4.84;6.4;8;солнечно;8760.0;1;0;1
149;Ахмат;1;Краснодар;1;1.17;0.86;12.0;11.0;6.0;3.0;2.0;3.0;3.0;5.0;36.0;64.0;4.0;11.0;14.0;5.0;1.0;5.0;2.0;0.0;0.0;0.0;62.0;99.0;30.0;59.0;290.0;505.0;72.0;82.0;12.0;15.0;7.0;17.0;7.0;28.0;15.0;14.0;8;2023-09-16;09:30:00;2.94;3.52;2.56;16;местами дождь;3768.0;1;0;0
150;ЦСКА Москва;2;Крылья Советов;2;1.85;2.11;16.0;14.0;6.0;4.0;4.0;3.0;1.0;4.0;52.0;48.0;3.0;2.0;16.0;21.0;1.0;4.0;3.0;3.0;1.0;1.0;93.0;70.0;45.0;30.0;427.0;387.0;74.0;73.0;25.0;15.0;16.0;21.0;12.0;8.0;11.0;15.0;8;2023-09-16;07:00:00;1.8;4.02;4.74;8;солнечно;8109.0;1;0;0
151;Динамо Москва;1;Пари НН;1;1.76;1.14;14.0;14.0;3.0;7.0;2.0;2.0;6.0;4.0;65.0;35.0;4.0;5.0;8.0;14.0;0.0;2.0;2.0;3.0;0.0;0.0;59.0;35.0;30.0;18.0;498.0;261.0;78.0;68.0;15.0;8.0;29.0;15.0;10.0;12.0;13.0;24.0;8;2023-09-15;12:00:00;1.73;4.05;5.2;8;солнечно;9287.0;1;0;0
152;Ростов;1;Динамо Москва;2;0.8;1.2;14.0;19.0;4.0;7.0;3.0;4.0;5.0;1.0;50.0;50.0;5.0;6.0;8.0;12.0;2.0;2.0;4.0;3.0;1.0;0.0;67.0;67.0;49.0;42.0;370.0;377.0;78.0;78.0;16.0;10.0;20.0;20.0;26.0;9.0;12.0;16.0;7;2023-09-03;13:00:00;2.99;3.79;2.4;19;переменная облачность;11001.0;1;0;2
153;ЦСКА Москва;1;Зенит;1;0.95;0.89;4.0;14.0;1.0;4.0;1.0;5.0;3.0;0.0;29.0;71.0;3.0;12.0;15.0;11.0;4.0;3.0;3.0;3.0;0.0;0.0;78.0;75.0;34.0;37.0;278.0;687.0;72.0;87.0;15.0;18.0;13.0;15.0;10.0;25.0;10.0;15.0;7;2023-09-03;10:30:00;3.0;3.36;2.6;8;солнечно;20947.0;1;0;0
154;Локомотив Москва;3;Балтика;2;1.74;0.64;12.0;9.0;7.0;3.0;2.0;2.0;1.0;4.0;45.0;55.0;6.0;5.0;12.0;14.0;1.0;0.0;1.0;1.0;0.0;0.0;58.0;71.0;31.0;48.0;337.0;413.0;66.0;69.0;13.0;14.0;18.0;22.0;15.0;13.0;11.0;5.0;7;2023-09-03;08:15:00;2.05;3.9;3.68;8;солнечно;7652.0;1;0;1
155;Оренбург;3;ПФК Сочи;0;2.52;0.26;16.0;8.0;6.0;1.0;3.0;0.0;1.0;4.0;55.0;45.0;14.0;3.0;11.0;18.0;2.0;1.0;1.0;5.0;0.0;0.0;56.0;59.0;38.0;40.0;388.0;333.0;79.0;74.0;19.0;12.0;16.0;15.0;26.0;13.0;15.0;19.0;7;2023-09-03;06:00:00;2.5;3.66;2.92;11;переменная облачность;10382.0;1;0;1
156;Краснодар;2;Спартак;0;1.91;0.56;10.0;11.0;4.0;4.0;1.0;3.0;5.0;3.0;47.0;53.0;2.0;5.0;12.0;11.0;0.0;5.0;3.0;2.0;0.0;0.0;81.0;76.0;34.0;33.0;372.0;418.0;75.0;77.0;15.0;13.0;17.0;18.0;8.0;16.0;8.0;10.0;7;2023-09-02;13:00:00;2.37;3.87;2.98;21;солнечно;32766.0;1;0;1
157;Крылья Советов;3;Факел;0;1.56;0.99;12.0;7.0;7.0;2.0;3.0;2.0;3.0;3.0;49.0;51.0;4.0;1.0;10.0;12.0;0.0;1.0;1.0;2.0;0.0;0.0;78.0;83.0;43.0;51.0;350.0;367.0;73.0;75.0;13.0;10.0;18.0;21.0;14.0;17.0;7.0;8.0;7;2023-09-02;10:30:00;1.89;3.64;4.74;6;переменная облачность;6445.0;1;0;1
158;Пари НН;2;Рубин;1;0.89;2.05;7.0;24.0;3.0;7.0;3.0;7.0;6.0;1.0;36.0;64.0;2.0;9.0;10.0;7.0;1.0;2.0;2.0;1.0;0.0;0.0;59.0;74.0;22.0;40.0;256.0;437.0;60.0;76.0;9.0;11.0;28.0;38.0;7.0;20.0;15.0;12.0;7;2023-09-02;08:15:00;2.31;3.33;3.54;7;переменная облачность;7374.0;1;0;1
159;Урал;0;Ахмат;1;1.54;1.02;21.0;6.0;6.0;2.0;4.0;1.0;1.0;5.0;55.0;45.0;11.0;4.0;9.0;12.0;2.0;1.0;0.0;3.0;0.0;0.0;93.0;59.0;42.0;20.0;418.0;356.0;74.0;67.0;13.0;12.0;29.0;13.0;32.0;6.0;7.0;13.0;7;2023-09-02;06:00:00;2.37;3.44;3.31;7;переменная облачность;10382.0;1;0;2
160;ПФК Сочи;0;Локомотив Москва;1;1.3733333333333333;1.0916666666666666;8.0;11.0;0.0;9.0;5.0;2.0;8.0;0.0;53.0;47.0;3.0;3.0;6.0;10.0;2.0;0.0;1.0;3.0;0.0;0.0;79.0;77.0;34.0;42.0;433.75;392.4166666666667;77.75;74.83333333333333;10.0;8.0;23.0;25.0;18.416666666666668;18.166666666666668;13.5;14.416666666666666;6;2023-08-27;13:00:00;2.32;3.81;3.1;15;небольшой дождь;6089.0;1;0;2
161;Крылья Советов;2;Балтика;1;1.26;0.52;9.0;11.0;3.0;2.0;2.0;3.0;2.0;1.0;47.0;53.0;3.0;5.0;8.0;21.0;0.0;0.0;3.0;1.0;0.0;0.0;69.0;74.0;31.0;43.0;389.0;444.0;70.0;76.0;21.0;9.0;18.0;27.0;6.0;16.0;9.0;13.0;6;2023-08-27;10:30:00;2.34;3.42;3.38;6;переменная облачность;6890.0;1;0;1
162;Пари НН;1;Ростов;0;1.86;0.88;14.0;10.0;3.0;0.0;1.0;1.0;0.0;2.0;38.0;62.0;4.0;8.0;13.0;5.0;0.0;0.0;1.0;0.0;0.0;0.0;69.0;85.0;25.0;39.0;311.0;490.0;64.0;77.0;5.0;13.0;8.0;8.0;12.0;25.0;6.0;7.0;6;2023-08-26;13:00:00;2.91;3.21;2.78;7;переменная облачность;6697.0;1;0;1
163;Спартак;0;Ахмат;0;0.77;0.84;16.0;16.0;8.0;6.0;5.0;5.0;6.0;8.0;62.0;38.0;9.0;7.0;9.0;23.0;1.0;2.0;1.0;2.0;0.0;0.0;67.0;60.0;24.0;31.0;447.0;272.0;78.0;67.0;26.0;9.0;22.0;26.0;20.0;21.0;18.0;17.0;6;2023-08-26;12:30:00;1.72;4.42;4.84;8;солнечно;12086.0;1;0;0
164;Рубин;2;Динамо Москва;2;1.55;0.62;12.0;13.0;7.0;4.0;1.0;3.0;2.0;6.0;57.0;43.0;4.0;5.0;9.0;11.0;0.0;3.0;1.0;4.0;0.0;1.0;61.0;57.0;37.0;25.0;457.0;338.0;81.0;72.0;12.0;8.0;13.0;23.0;15.0;12.0;9.0;13.0;6;2023-08-26;10:30:00;3.31;3.84;2.21;6;переменная облачность;6948.0;1;0;0
165;Зенит;4;Урал;0;2.93;0.11;15.0;4.0;7.0;0.0;4.0;1.0;0.0;3.0;67.0;33.0;6.0;3.0;8.0;16.0;2.0;1.0;1.0;2.0;0.0;0.0;80.0;80.0;40.0;31.0;710.0;339.0;88.0;76.0;17.0;10.0;10.0;11.0;13.0;8.0;15.0;14.0;6;2023-08-26;08:00:00;1.57;4.38;6.61;14;солнечно;25723.0;1;0;1
166;Факел;0;Краснодар;0;0.69;1.59;8.0;15.0;4.0;1.0;2.0;6.0;1.0;4.0;34.0;66.0;3.0;5.0;10.0;10.0;1.0;2.0;1.0;1.0;0.0;0.0;52.0;56.0;33.0;36.0;275.0;558.0;59.0;79.0;10.0;8.0;16.0;22.0;16.0;20.0;25.0;12.0;6;2023-08-25;13:00:00;3.56;3.52;2.22;18;солнечно;13471.0;1;0;0
167;Оренбург;1;ЦСКА Москва;1;1.4;0.22;13.0;5.0;3.0;2.0;2.0;2.0;1.0;2.0;59.0;41.0;3.0;2.0;9.0;15.0;1.0;2.0;1.0;3.0;0.0;0.0;76.0;53.0;54.0;59.0;479.0;335.0;86.0;73.0;18.0;9.0;20.0;25.0;21.0;8.0;15.0;26.0;6;2023-08-25;10:30:00;4.2;4.2;1.86;11;переменная облачность;4283.0;1;0;0
168;Ахмат;4;Оренбург;0;3.79;0.93;17.0;15.0;8.0;4.0;3.0;5.0;4.0;2.0;34.0;66.0;2.0;6.0;12.0;13.0;2.0;6.0;1.0;3.0;0.0;0.0;71.0;89.0;28.0;52.0;244.0;483.0;69.0;83.0;17.0;13.0;17.0;19.0;6.0;19.0;13.0;16.0;5;2023-08-20;13:00:00;1.95;4.08;3.9;16;местами дождь;5548.0;1;0;1
169;Спартак;1;Зенит;3;1.23;1.04;14.0;12.0;4.0;3.0;1.0;2.0;0.0;3.0;52.0;48.0;5.0;3.0;19.0;12.0;1.0;4.0;2.0;2.0;0.0;0.0;52.0;44.0;36.0;27.0;409.0;382.0;77.0;75.0;14.0;17.0;16.0;23.0;21.0;6.0;12.0;10.0;5;2023-08-20;12:30:00;2.88;3.51;2.61;8;солнечно;14424.0;1;0;2
170;Факел;2;Пари НН;0;1.62;0.67;13.0;13.0;5.0;1.0;3.0;4.0;1.0;3.0;59.0;41.0;9.0;3.0;14.0;13.0;1.0;0.0;0.0;3.0;0.0;1.0;51.0;49.0;29.0;23.0;305.0;226.0;63.0;52.0;14.0;13.0;30.0;13.0;33.0;6.0;11.0;11.0;5;2023-08-20;10:30:00;2.43;3.07;3.6;18;солнечно;11746.0;1;0;1
171;ПФК Сочи;4;Ростов;0;1.57;0.31;11.0;11.0;6.0;2.0;2.0;4.0;2.0;2.0;49.0;51.0;4.0;8.0;9.0;8.0;3.0;2.0;0.0;1.0;0.0;0.0;72.0;85.0;32.0;43.0;411.0;411.0;76.0;72.0;10.0;11.0;24.0;24.0;10.0;24.0;6.0;8.0;5;2023-08-19;13:00:00;2.3;3.48;3.41;15;небольшой дождь;6299.0;1;0;1
172;Краснодар;1;Локомотив Москва;1;1.74;0.57;16.0;11.0;5.0;3.0;5.0;3.0;2.0;3.0;60.0;40.0;11.0;5.0;14.0;16.0;2.0;1.0;2.0;1.0;0.0;0.0;66.0;59.0;34.0;34.0;418.0;281.0;83.0;79.0;17.0;16.0;26.0;9.0;17.0;12.0;16.0;24.0;5;2023-08-19;12:30:00;1.86;4.1;4.26;21;солнечно;25019.0;1;0;0
173;Балтика;0;Урал;1;1.39;1.41;18.0;11.0;6.0;4.0;4.0;2.0;4.0;5.0;55.0;45.0;7.0;5.0;9.0;7.0;1.0;1.0;1.0;0.0;0.0;0.0;93.0;74.0;50.0;35.0;443.0;361.0;78.0;74.0;8.0;8.0;21.75;19.083333333333332;24.0;16.0;14.0;11.0;5;2023-08-19;10:30:00;2.51;3.25;3.23;20;солнечно;9687.0;1;0;2
174;Динамо Москва;2;ЦСКА Москва;1;2.48;1.63;18.0;16.0;5.0;7.0;4.0;3.0;7.0;4.0;53.0;47.0;5.0;5.0;11.0;11.0;0.0;3.0;2.0;1.0;0.0;0.0;75.0;62.0;41.0;30.0;388.0;337.0;75.0;78.0;12.0;11.0;21.0;12.0;14.0;19.0;23.0;17.0;5;2023-08-19;08:00:00;2.78;3.89;2.5;8;солнечно;18584.0;1;0;1
175;Рубин;2;Крылья Советов;1;1.09;0.46;9.0;7.0;4.0;3.0;3.0;2.0;3.0;1.0;41.0;59.0;4.0;6.0;20.0;12.0;0.0;1.0;1.0;3.0;0.0;1.0;53.0;60.0;30.0;31.0;297.0;421.0;70.0;80.0;12.0;19.0;17.0;16.0;11.0;18.0;27.0;13.0;5;2023-08-18;12:30:00;3.08;3.52;2.46;6;переменная облачность;5575.0;1;0;1
176;Пари НН;2;Ахмат;0;1.53;0.98;8.0;10.0;2.0;0.0;2.0;6.0;1.0;1.0;40.0;60.0;1.0;4.0;9.0;10.0;5.0;0.0;1.0;4.0;0.0;0.0;68.0;82.0;34.0;40.0;291.0;442.0;65.0;74.0;9.0;13.0;18.0;28.0;11.0;14.0;28.0;10.0;4;2023-08-14;12:30:00;2.85;3.04;2.98;7;переменная облачность;7935.0;1;0;1
177;ЦСКА Москва;3;ПФК Сочи;1;1.08;0.87;18.0;5.0;7.0;1.0;6.0;0.0;0.0;2.0;53.0;47.0;9.0;5.0;14.0;16.0;0.0;1.0;2.0;5.0;0.0;1.0;76.0;77.0;39.0;27.0;413.0;371.0;78.0;77.0;17.0;15.0;20.0;17.0;25.0;14.0;13.0;10.0;4;2023-08-13;13:00:00;1.8;3.89;4.94;8;солнечно;7150.0;1;0;1
178;Зенит;2;Факел;0;1.74;0.13;10.0;6.0;6.0;1.0;2.0;1.0;1.0;4.0;72.0;28.0;5.0;4.0;14.0;14.0;2.0;1.0;4.0;3.0;0.0;0.0;75.0;45.0;33.0;23.0;589.0;226.0;86.0;65.0;15.0;17.0;19.0;15.0;14.0;8.0;10.0;16.0;4;2023-08-13;10:30:00;1.38;5.35;9.4;14;солнечно;19558.0;1;0;1
179;Динамо Москва;2;Балтика;0;1.14;0.79;15.0;15.0;7.0;4.0;2.0;3.0;1.0;1.0;52.0;48.0;6.0;5.0;11.0;13.0;3.0;4.0;1.0;0.0;0.0;0.0;60.0;62.0;37.0;33.0;392.0;351.0;77.0;75.0;11.0;8.0;7.0;11.0;11.0;16.0;12.0;14.0;4;2023-08-13;08:00:00;2.06;3.86;3.68;8;солнечно;7684.0;1;0;1
180;Ростов;3;Рубин;0;1.63;0.39;14.0;10.0;9.0;2.0;3.0;2.0;2.0;6.0;47.0;53.0;5.0;5.0;8.0;13.0;0.0;0.0;1.0;2.0;0.0;0.0;64.0;66.0;32.0;34.0;280.0;316.0;64.0;67.0;13.0;9.0;20.0;19.0;10.0;8.0;10.0;10.0;4;2023-08-12;13:00:00;1.93;3.68;4.42;19;переменная облачность;10328.0;1;0;1
181;Оренбург;0;Краснодар;2;2.5;2.6;15.0;14.0;6.0;6.0;2.0;2.0;4.0;5.0;59.0;41.0;4.0;3.0;5.0;10.0;2.0;1.0;0.0;2.0;0.0;0.0;76.0;67.0;63.0;44.0;497.0;359.0;79.0;76.0;10.0;6.0;18.0;20.0;23.0;6.0;24.0;22.0;4;2023-08-12;10:30:00;3.6;4.04;2.04;11;переменная облачность;3901.0;1;0;2
182;Локомотив Москва;1;Крылья Советов;1;0.47;3.16;2.0;20.0;1.0;8.0;0.0;3.0;10.0;0.0;51.0;49.0;2.0;11.0;18.0;12.0;1.0;0.0;3.0;1.0;0.0;0.0;62.0;58.0;29.0;35.0;399.0;378.0;76.0;79.0;13.0;18.0;18.0;13.0;7.0;21.0;9.0;13.0;4;2023-08-12;08:00:00;1.86;4.12;4.22;8;солнечно;6763.0;1;0;0
183;Урал;3;Спартак;2;2.63;1.1;22.0;11.0;8.0;5.0;6.0;3.0;4.0;5.0;37.0;63.0;7.0;3.0;13.0;11.0;1.0;1.0;5.0;3.0;1.0;0.0;59.0;74.0;28.0;30.0;273.0;491.0;71.0;83.0;9.0;13.0;17.0;19.0;16.0;9.0;9.0;7.0;4;2023-08-11;11:00:00;3.48;3.41;2.3;7;переменная облачность;19385.0;1;0;1
184;ПФК Сочи;1;Ахмат;2;1.76;0.49;16.0;8.0;4.0;3.0;5.0;2.0;1.0;4.0;67.0;33.0;6.0;1.0;14.0;10.0;5.0;2.0;1.0;1.0;0.0;0.0;75.0;81.0;44.0;34.0;471.0;238.0;78.0;66.0;10.0;18.0;26.0;15.0;23.0;8.0;16.0;7.0;3;2023-08-06;13:00:00;2.24;3.58;3.46;15;небольшой дождь;5366.0;1;0;2
185;Зенит;2;Динамо Москва;3;1.44;1.93;15.0;6.0;5.0;3.0;4.0;1.0;1.0;1.0;68.0;32.0;13.0;4.0;4.0;10.0;3.0;2.0;1.0;2.0;1.0;0.0;66.0;49.0;42.0;20.0;632.0;301.0;88.0;75.0;13.0;9.0;14.0;13.0;29.0;8.0;16.0;20.0;3;2023-08-06;12:00:00;1.78;4.26;4.58;14;солнечно;24672.0;1;0;2
186;Балтика;2;Факел;1;0.62;0.82;8.0;8.0;2.0;1.0;2.0;2.0;0.0;0.0;51.0;49.0;5.0;4.0;17.0;14.0;1.0;4.0;2.0;3.0;0.0;0.0;75.0;77.0;49.0;39.0;341.0;334.0;68.0;65.0;18.0;17.0;28.0;28.0;20.0;13.0;12.0;15.0;3;2023-08-06;10:30:00;2.08;3.46;4.06;20;солнечно;11615.0;1;0;1
187;ЦСКА Москва;4;Локомотив Москва;1;2.8;1.02;15.0;13.0;6.0;2.0;4.0;1.0;2.0;2.0;42.0;58.0;3.0;8.0;8.0;10.0;3.0;2.0;0.0;1.0;0.0;0.0;70.0;98.0;32.0;38.0;360.0;492.0;75.0;87.0;11.0;11.0;20.0;21.0;8.0;24.0;14.0;16.0;3;2023-08-05;13:00:00;1.86;4.11;4.25;8;солнечно;12560.0;1;0;1
188;Рубин;1;Спартак;4;0.56;1.72;15.0;14.0;2.0;8.0;5.0;1.0;4.0;1.0;42.0;58.0;4.0;4.0;12.0;10.0;0.0;3.0;4.0;1.0;0.0;0.0;57.0;80.0;33.0;30.0;316.0;452.0;80.0;87.0;15.0;16.0;14.0;13.0;18.0;14.0;15.0;13.0;3;2023-08-05;10:30:00;3.62;3.9;2.07;6;переменная облачность;17806.0;1;0;2
189;Оренбург;0;Урал;2;0.48;1.45;8.0;13.0;2.0;7.0;1.0;1.0;5.0;2.0;59.0;41.0;6.0;7.0;12.0;16.0;1.0;1.0;1.0;2.0;1.0;0.0;64.0;61.0;42.0;45.0;486.0;336.0;85.0;76.0;15.0;10.0;11.0;14.0;17.0;12.0;17.0;22.0;3;2023-08-05;10:30:00;2.3;3.77;3.17;11;переменная облачность;3496.0;1;0;2
190;Крылья Советов;5;Ростов;1;3.43;1.82;11.0;15.0;7.0;4.0;1.0;3.0;3.0;2.0;35.0;65.0;1.0;13.0;4.0;11.0;6.0;0.0;1.0;4.0;0.0;0.0;57.0;75.0;33.0;49.0;247.0;459.0;77.0;85.0;12.0;12.0;10.0;12.0;8.0;29.0;9.0;11.0;3;2023-08-05;08:00:00;2.32;3.52;3.33;6;переменная облачность;6125.0;1;0;1
191;Краснодар;1;Пари НН;0;1.07;0.93;7.0;8.0;1.0;0.0;4.0;3.0;0.0;0.0;60.0;40.0;11.0;1.0;12.0;14.0;1.0;0.0;1.0;0.0;0.0;0.0;77.0;58.0;28.0;29.0;437.0;288.0;79.0;68.0;14.0;13.0;18.0;17.0;17.0;9.0;10.0;11.0;3;2023-08-04;13:00:00;1.56;4.33;6.93;21;солнечно;12217.0;1;0;1
192;Спартак;2;Балтика;1;2.27;1.32;17.0;14.0;5.0;5.0;4.0;1.0;4.0;3.0;57.0;43.0;5.0;2.0;9.0;12.0;2.0;2.0;2.0;1.0;0.0;0.0;70.0;65.0;40.0;44.0;537.0;402.0;79.0;73.0;14.0;14.0;21.0;25.0;11.0;14.0;13.0;18.0;2;2023-07-31;12:30:00;1.55;4.63;6.45;8;солнечно;10992.0;1;0;1
193;Краснодар;2;ПФК Сочи;0;1.61;0.56;15.0;12.0;5.0;5.0;4.0;4.0;5.0;4.0;54.0;46.0;7.0;7.0;6.0;12.0;2.0;2.0;1.0;0.0;0.0;0.0;64.0;63.0;23.0;32.0;426.0;348.0;82.0;78.0;14.0;8.0;20.0;20.0;6.0;18.0;11.0;19.0;2;2023-07-30;13:00:00;1.8;4.0;4.79;21;солнечно;13290.0;1;0;1
194;Ахмат;2;ЦСКА Москва;3;2.32;3.84;14.0;11.0;5.0;6.0;5.0;2.0;3.0;3.0;40.0;60.0;6.0;2.0;21.0;11.0;1.0;1.0;4.0;1.0;2.0;1.0;68.0;73.0;38.0;34.0;308.0;461.0;80.0;83.0;11.0;18.0;18.0;12.0;12.0;10.0;11.0;22.0;2;2023-07-30;13:00:00;3.38;3.38;2.36;16;местами дождь;5612.0;1;0;2
195;Факел;1;Локомотив Москва;4;1.3;1.89;18.0;15.0;6.0;4.0;5.0;1.0;0.0;5.0;47.0;53.0;6.0;6.0;12.0;13.0;1.0;0.0;3.0;3.0;0.0;0.0;62.0;63.0;35.0;36.0;292.0;342.0;53.0;64.0;14.0;14.0;23.0;32.0;26.0;14.0;32.0;15.0;2;2023-07-30;10:30:00;2.82;3.64;2.58;18;солнечно;13085.0;1;0;2
196;Рубин;1;Оренбург;1;1.18;1.49;8.0;17.0;3.0;4.0;2.0;6.0;3.0;3.0;36.0;64.0;4.0;6.0;17.0;10.0;2.0;1.0;1.0;3.0;0.0;0.0;61.0;85.0;43.0;50.0;305.0;568.0;67.0;82.0;12.0;20.0;19.0;22.0;11.0;11.0;13.0;15.0;2;2023-07-30;08:00:00;2.18;3.85;3.38;6;переменная облачность;4822.0;1;0;0
197;Ростов;1;Зенит;1;1.3;0.82;13.0;6.0;4.0;1.0;2.0;0.0;0.0;3.0;52.0;48.0;6.0;8.0;11.0;11.0;1.0;2.0;4.0;1.0;0.0;0.0;62.0;65.0;36.0;26.0;438.0;402.0;76.0;79.0;15.0;10.0;20.0;16.0;18.0;15.0;18.0;17.0;2;2023-07-29;13:00:00;3.73;3.46;2.18;19;переменная облачность;16413.0;1;0;0
198;Урал;0;Пари НН;0;0.38;0.66;7.0;8.0;2.0;3.0;1.0;1.0;3.0;2.0;45.0;55.0;3.0;3.0;13.0;8.0;1.0;1.0;0.0;0.0;0.0;0.0;68.0;63.0;28.0;27.0;421.0;510.0;73.0;77.0;8.0;17.0;27.0;11.0;12.0;12.0;9.0;11.0;2;2023-07-29;10:30:00;2.08;3.31;4.31;7;переменная облачность;7735.0;1;0;0
199;Крылья Советов;3;Динамо Москва;3;2.15;0.99;17.0;8.0;7.0;5.0;3.0;1.0;2.0;5.0;53.0;47.0;3.0;3.0;8.0;14.0;3.0;2.0;3.0;2.0;0.0;0.0;78.0;50.0;48.0;23.0;405.0;380.0;83.0;82.0;15.0;11.0;12.0;7.0;27.0;7.0;9.0;15.0;2;2023-07-29;08:00:00;2.64;3.66;2.75;6;переменная облачность;6189.0;1;0;0
200;ПФК Сочи;2;Балтика;0;1.22;0.7;12.0;9.0;3.0;3.0;5.0;0.0;3.0;0.0;48.0;52.0;5.0;3.0;12.0;10.0;4.0;1.0;1.0;1.0;0.0;0.0;71.0;83.0;32.0;42.0;407.0;436.0;71.0;75.0;11.0;13.0;19.0;31.0;9.0;23.0;17.0;18.0;1;2023-07-23;13:00:00;2.14;3.54;3.77;15;небольшой дождь;4535.0;1;0;1
201;Ростов;2;Факел;1;1.4;0.92;16.0;17.0;6.0;5.0;4.0;5.0;4.0;5.0;64.0;36.0;4.0;4.0;15.0;9.0;2.0;4.0;2.0;4.0;0.0;0.0;56.0;69.0;33.0;35.0;418.0;229.0;78.0;62.0;13.0;16.0;18.0;22.0;29.0;20.0;6.0;16.0;1;2023-07-23;13:00:00;2.08;3.33;4.26;19;переменная облачность;11020.0;1;0;1
202;Спартак;3;Оренбург;2;2.28;1.42;23.0;7.0;7.0;4.0;10.0;0.0;2.0;4.0;50.0;50.0;13.0;2.0;11.0;10.0;2.0;2.0;2.0;4.0;0.0;0.0;65.0;67.0;39.0;29.0;377.0;385.0;82.0;79.0;6.0;14.0;24.0;12.0;20.0;15.0;12.0;20.0;1;2023-07-23;10:30:00;1.59;4.84;5.52;8;солнечно;11466.0;1;0;1
203;Ахмат;1;Крылья Советов;2;1.65;0.9;21.0;10.0;2.0;5.0;10.0;2.0;3.0;2.0;61.0;39.0;4.0;8.0;15.0;7.0;0.0;3.0;2.0;2.0;0.0;0.0;88.0;76.0;43.0;33.0;467.0;293.0;79.0;68.0;10.0;15.0;19.0;15.0;11.0;11.0;13.0;16.0;1;2023-07-22;13:00:00;2.25;3.64;3.37;16;местами дождь;4777.0;1;0;2
204;Локомотив Москва;2;Рубин;2;0.85;1.99;13.0;19.0;5.0;7.0;2.0;2.0;5.0;4.0;56.0;44.0;8.0;3.0;13.0;11.0;1.0;1.0;1.0;1.0;0.0;0.0;64.0;61.0;42.0;43.0;455.0;353.0;75.0;69.0;12.0;14.0;28.0;17.0;17.0;12.0;19.0;19.0;1;2023-07-22;10:30:00;1.77;4.17;4.74;8;солнечно;6721.0;1;0;0
205;Пари НН;0;Зенит;2;0.29;0.81;5.0;11.0;2.0;2.0;0.0;3.0;0.0;2.0;24.0;76.0;1.0;6.0;15.0;6.0;0.0;1.0;2.0;1.0;1.0;0.0;48.0;81.0;25.0;45.0;214.0;680.0;59.0;89.0;6.0;11.0;23.0;24.0;6.0;21.0;13.0;14.0;1;2023-07-22;08:15:00;5.52;3.96;1.72;7;переменная облачность;12036.0;1;0;2
206;Урал;2;ЦСКА Москва;1;2.37;1.15;10.0;8.0;3.0;3.0;2.0;3.0;2.0;1.0;34.0;66.0;6.0;3.0;10.0;8.0;2.0;0.0;2.0;2.0;0.0;0.0;52.0;80.0;24.0;34.0;287.0;551.0;62.0;81.0;7.0;12.0;14.0;15.0;9.0;16.0;12.0;7.0;1;2023-07-22;06:00:00;3.94;3.31;2.18;7;переменная облачность;13525.0;1;0;1
207;Динамо Москва;1;Краснодар;3;1.48;1.71;12.0;11.0;4.0;6.0;1.0;2.0;3.0;4.0;49.0;51.0;4.0;3.0;10.0;13.0;2.0;3.0;1.0;1.0;0.0;0.0;82.0;69.0;43.0;28.0;463.0;504.0;81.0;82.0;17.0;12.0;21.0;8.0;17.0;4.0;13.0;13.0;1;2023-07-21;12:00:00;2.1;3.93;3.5;8;солнечно;9612.0;1;0;2
